,0,1,2,3,4,5,6
0,time[s],Voltage CH1,Voltage CH2,Current CH1,Current CH2,Power CH1,Power CH2
1,3713516695.5872726,14.9999,2.4973,0.1634,0.0732,2.45,0.18
2,3713516696.6236296,14.9998,2.4973,0.1634,0.0732,2.45,0.18
3,3713516697.643504,14.9998,2.4973,0.1634,0.0732,2.45,0.18
4,3713516698.667038,14.9998,2.4973,0.1634,0.0732,2.45,0.18
5,3713516699.6896935,14.9999,2.4972,0.1634,0.0732,2.45,0.18
6,3713516700.710176,15.0000,2.4972,0.1634,0.0732,2.45,0.18
7,3713516701.7304015,14.9999,2.4972,0.1570,0.0732,2.35,0.18
8,3713516702.766811,14.9998,2.4972,0.1570,0.0722,2.35,0.18
9,3713516703.7993393,14.9998,2.4973,0.1570,0.0720,2.35,0.18
10,3713516704.8336415,14.9999,2.4972,0.1570,0.0720,2.35,0.18
11,3713516705.8670697,14.9998,2.4973,0.1570,0.0720,2.35,0.18
12,3713516706.9024343,14.9997,2.4972,0.1570,0.0720,2.35,0.18
13,3713516707.9364977,14.9998,2.4973,0.1570,0.0720,2.35,0.18
14,3713516708.957483,14.9998,2.4972,0.1570,0.0720,2.35,0.18
15,3713516709.990919,14.9999,2.4973,0.1570,0.0720,2.35,0.18
16,3713516711.025398,14.9999,2.4973,0.1570,0.0720,2.35,0.18
17,3713516712.057827,14.9999,2.4972,0.1570,0.0720,2.35,0.18
18,3713516713.0935597,14.9999,2.4973,0.1570,0.0720,2.35,0.18
19,3713516714.1149983,15.0000,2.4973,0.1570,0.0720,2.36,0.18
20,3713516715.1353054,15.0000,2.4973,0.1570,0.0720,2.36,0.18
21,3713516716.1737094,15.0000,2.4973,0.1570,0.0720,2.36,0.18
22,3713516717.2097187,14.9999,2.4972,0.1570,0.0720,2.35,0.18
23,3713516718.244695,14.9998,2.4972,0.1570,0.0720,2.35,0.18
24,3713516719.278022,14.9998,2.4973,0.1570,0.0720,2.35,0.18
25,3713516720.3147144,14.9997,2.4972,0.1570,0.0720,2.35,0.18
26,3713516721.3514857,14.9997,2.4973,0.1570,0.0720,2.35,0.18
27,3713516722.3870707,14.9998,2.4973,0.1570,0.0721,2.35,0.18
28,3713516723.423173,14.9997,2.4973,0.1570,0.0721,2.35,0.18
29,3713516724.4588423,14.9998,2.4973,0.1570,0.0720,2.35,0.18
30,3713516725.49185,14.9997,2.4973,0.1570,0.0720,2.35,0.18
31,3713516726.522472,14.9998,2.4973,0.1570,0.0720,2.35,0.18
32,3713516727.556699,14.9997,2.4973,0.1570,0.0721,2.35,0.18
33,3713516728.5923853,14.9996,2.4973,0.1570,0.0720,2.35,0.18
34,3713516729.6257133,14.9997,2.4973,0.1570,0.0720,2.35,0.18
35,3713516730.6601715,14.9997,2.4973,0.1570,0.0721,2.35,0.18
36,3713516731.6927843,14.9997,2.4973,0.1570,0.0721,2.35,0.18
37,3713516732.7279005,14.9997,2.4973,0.1570,0.0721,2.35,0.18
38,3713516733.7657127,14.9998,2.4973,0.1570,0.0720,2.35,0.18
39,3713516734.8030705,14.9997,2.4973,0.1569,0.0721,2.35,0.18
40,3713516735.8424883,14.9997,2.4973,0.1569,0.0720,2.35,0.18
41,3713516736.8774395,14.9997,2.4973,0.1569,0.0720,2.35,0.18
42,3713516737.913844,14.9998,2.4972,0.1569,0.0720,2.35,0.18
43,3713516738.9492254,14.9997,2.4973,0.1569,0.0720,2.35,0.18
44,3713516739.9867477,14.9998,2.4973,0.1569,0.0720,2.35,0.18
45,3713516741.0231557,14.9997,2.4973,0.1569,0.0720,2.35,0.18
46,3713516742.0586457,14.9998,2.4972,0.1569,0.0720,2.35,0.18
47,3713516743.0941296,14.9996,2.4972,0.1569,0.0720,2.35,0.18
48,3713516744.1288447,14.9997,2.4972,0.1569,0.0720,2.35,0.18
49,3713516745.1654844,14.9997,2.4973,0.1569,0.0720,2.35,0.18
50,3713516746.2001076,14.9997,2.4973,0.1569,0.0720,2.35,0.18
51,3713516747.235446,14.9998,2.4973,0.1569,0.0720,2.35,0.18
52,3713516748.28115,14.9997,2.4973,0.1569,0.0720,2.35,0.18
53,3713516749.3159304,14.9997,2.4974,0.1568,0.0720,2.35,0.18
54,3713516750.3474855,14.9997,2.4973,0.1569,0.0720,2.35,0.18
55,3713516751.381237,14.9997,2.4973,0.1569,0.0720,2.35,0.18
56,3713516752.4185066,14.9996,2.4973,0.1569,0.0720,2.35,0.18
57,3713516753.4544573,14.9996,2.4973,0.1569,0.0720,2.35,0.18
58,3713516754.4891744,14.9996,2.4973,0.1568,0.0720,2.35,0.18
59,3713516755.5245686,14.9996,2.4973,0.1568,0.0720,2.35,0.18
60,3713516756.5763125,14.9997,2.4973,0.1568,0.0720,2.35,0.18
61,3713516757.6134853,14.9998,2.4973,0.1568,0.0720,2.35,0.18
62,3713516758.649848,14.9998,2.4972,0.1568,0.0720,2.35,0.18
63,3713516759.703281,14.9997,2.4973,0.1569,0.0720,2.35,0.18
64,3713516760.7407303,14.9997,2.4972,0.1569,0.0720,2.35,0.18
65,3713516761.776675,14.9996,2.4973,0.1569,0.0721,2.35,0.18
66,3713516762.8102784,14.9995,2.4973,0.1569,0.0720,2.35,0.18
67,3713516763.854913,14.9995,2.4972,0.1569,0.0720,2.35,0.18
68,3713516764.891748,14.9996,2.4973,0.1569,0.0720,2.35,0.18
69,3713516765.9451895,14.9996,2.4972,0.1569,0.0720,2.35,0.18
70,3713516766.9792047,14.9996,2.4973,0.1569,0.0720,2.35,0.18
71,3713516768.0326843,14.9996,2.4972,0.1569,0.0720,2.35,0.18
72,3713516769.066891,14.9997,2.4972,0.1569,0.0720,2.35,0.18
73,3713516770.1023874,14.9997,2.4973,0.1569,0.0720,2.35,0.18
74,3713516771.134783,14.9996,2.4972,0.1569,0.0720,2.35,0.18
75,3713516772.18718,14.9997,2.4973,0.1569,0.0720,2.35,0.18
76,3713516773.2226167,14.9997,2.4973,0.1569,0.0720,2.35,0.18
77,3713516774.2592154,14.9997,2.4973,0.1569,0.0720,2.35,0.18
78,3713516775.2936225,14.9997,2.4973,0.1569,0.0720,2.35,0.18
79,3713516776.3470197,14.9996,2.4973,0.1569,0.0720,2.35,0.18
80,3713516777.3824673,14.9997,2.4973,0.1569,0.0720,2.35,0.18
81,3713516778.4322186,14.9997,2.4973,0.1569,0.0720,2.35,0.18
82,3713516779.4789143,14.9997,2.4973,0.1569,0.0720,2.35,0.18
83,3713516780.5309124,14.9998,2.4974,0.1569,0.0720,2.35,0.18
84,3713516781.5660667,14.9998,2.4973,0.1569,0.0720,2.35,0.18
85,3713516782.6195397,14.9998,2.4972,0.1569,0.0720,2.35,0.18
86,3713516783.668937,14.9998,2.4972,0.1569,0.0720,2.35,0.18
87,3713516784.724165,14.9997,2.4972,0.1569,0.0720,2.35,0.18
88,3713516785.7747045,14.9996,2.4972,0.1569,0.0720,2.35,0.18
89,3713516786.8263216,14.9997,2.4972,0.1569,0.0720,2.35,0.18
90,3713516787.8774624,14.9998,2.4972,0.1569,0.0720,2.35,0.18
91,3713516788.930353,14.9997,2.4972,0.1569,0.0720,2.35,0.18
92,3713516789.9674444,14.9999,2.4972,0.1569,0.0720,2.35,0.18
93,3713516791.019373,14.9997,2.4972,0.1569,0.0720,2.35,0.18
94,3713516792.071953,14.9996,2.4973,0.1569,0.0720,2.35,0.18
95,3713516793.120448,14.9997,2.4973,0.1569,0.0720,2.35,0.18
96,3713516794.171624,14.9997,2.4972,0.1569,0.0720,2.35,0.18
97,3713516795.2220206,14.9998,2.4972,0.1569,0.0720,2.35,0.18
98,3713516796.272016,14.9997,2.4972,0.1569,0.0720,2.35,0.18
99,3713516797.3245444,14.9997,2.4973,0.1569,0.0720,2.35,0.18
100,3713516798.3760395,14.9999,2.4973,0.1569,0.0720,2.35,0.18
101,3713516799.4134493,14.9999,2.4972,0.1569,0.0720,2.35,0.18
102,3713516800.4648924,14.9999,2.4972,0.1569,0.0720,2.35,0.18
103,3713516801.5160484,14.9998,2.4972,0.1569,0.0720,2.35,0.18
104,3713516802.565442,14.9998,2.4972,0.1570,0.0720,2.35,0.18
105,3713516803.6181602,14.9999,2.4973,0.1570,0.0720,2.35,0.18
106,3713516804.6662154,14.9998,2.4973,0.1569,0.0720,2.35,0.18
107,3713516805.715248,14.9998,2.4973,0.1569,0.0720,2.35,0.18
108,3713516806.7653704,14.9996,2.4973,0.1569,0.0720,2.35,0.18
109,3713516807.817858,14.9997,2.4973,0.1569,0.0720,2.35,0.18
110,3713516808.8706937,14.9998,2.4972,0.1569,0.0720,2.35,0.18
111,3713516809.9220953,14.9997,2.4972,0.1569,0.0720,2.35,0.18
112,3713516810.9675236,14.9997,2.4973,0.1569,0.0720,2.35,0.18
113,3713516812.0144086,14.9998,2.4973,0.1569,0.0720,2.35,0.18
114,3713516813.077607,14.9998,2.4973,0.1569,0.0720,2.35,0.18
115,3713516814.126337,14.9998,2.4972,0.1569,0.0720,2.35,0.18
116,3713516815.1927567,14.9998,2.4973,0.1569,0.0720,2.35,0.18
117,3713516816.245153,14.9998,2.4973,0.1569,0.0720,2.35,0.18
118,3713516817.2955117,14.9997,2.4973,0.1569,0.0720,2.35,0.18
119,3713516818.3489094,14.9998,2.4972,0.1568,0.0720,2.35,0.18
120,3713516819.401334,14.9998,2.4973,0.1569,0.0720,2.35,0.18
121,3713516820.4521284,14.9998,2.4973,0.1569,0.0721,2.35,0.18
122,3713516821.506526,14.9998,2.4973,0.1568,0.0721,2.35,0.18
123,3713516822.559206,14.9998,2.4973,0.1568,0.0721,2.35,0.18
124,3713516823.6102667,14.9999,2.4973,0.1568,0.0720,2.35,0.18
125,3713516824.6778026,14.9998,2.4973,0.1568,0.0720,2.35,0.18
126,3713516825.7331533,14.9998,2.4973,0.1569,0.0720,2.35,0.18
127,3713516826.7842755,14.9999,2.4973,0.1569,0.0720,2.35,0.18
128,3713516827.8536654,15.0000,2.4972,0.1569,0.0720,2.35,0.18
129,3713516828.9040775,14.9999,2.4972,0.1569,0.0720,2.35,0.18
130,3713516829.956456,14.9998,2.4972,0.1569,0.0720,2.35,0.18
131,3713516831.0119586,14.9998,2.4973,0.1569,0.0720,2.35,0.18
132,3713516832.06555,14.9998,2.4973,0.1569,0.0720,2.35,0.18
133,3713516833.117299,14.9997,2.4972,0.1569,0.0720,2.35,0.18
134,3713516834.167054,14.9997,2.4972,0.1569,0.0720,2.35,0.18
135,3713516835.2131114,14.9997,2.4972,0.1569,0.0720,2.35,0.18
136,3713516836.281407,14.9997,2.4973,0.1569,0.0720,2.35,0.18
137,3713516837.3437667,14.9998,2.4972,0.1569,0.0720,2.35,0.18
138,3713516838.3959837,14.9998,2.4972,0.1569,0.0720,2.35,0.18
139,3713516839.4464436,14.9997,2.4972,0.1568,0.0720,2.35,0.18
140,3713516840.500126,14.9996,2.4972,0.1569,0.0720,2.35,0.18
141,3713516841.554264,14.9997,2.4973,0.1569,0.0720,2.35,0.18
142,3713516842.615586,14.9997,2.4973,0.1569,0.0720,2.35,0.18
143,3713516843.637355,14.9996,2.4972,0.1569,0.0720,2.35,0.18
144,3713516844.6591034,14.9995,2.4973,0.1569,0.0720,2.35,0.18
145,3713516845.6797075,14.9996,2.4973,0.1569,0.0720,2.35,0.18
146,3713516846.701639,14.9997,2.4973,0.1569,0.0720,2.35,0.18
147,3713516847.737403,14.9996,2.4973,0.1569,0.0720,2.35,0.18
148,3713516848.7705164,14.9995,2.4972,0.1569,0.0720,2.35,0.18
149,3713516849.7922606,14.9996,2.4973,0.1569,0.0720,2.35,0.18
150,3713516850.8261275,14.9996,2.4973,0.1568,0.0720,2.35,0.18
151,3713516851.8468533,14.9996,2.4973,0.1569,0.0720,2.35,0.18
152,3713516852.8662686,14.9997,2.4972,0.1568,0.0720,2.35,0.18
153,3713516853.901012,14.9996,2.4972,0.1568,0.0720,2.35,0.18
154,3713516854.920436,14.9997,2.4972,0.1568,0.0720,2.35,0.18
155,3713516855.941349,14.9997,2.4973,0.1569,0.0720,2.35,0.18
156,3713516856.9635267,14.9996,2.4973,0.1569,0.0721,2.35,0.18
157,3713516857.9859815,14.9996,2.4973,0.1569,0.0720,2.35,0.18
158,3713516859.0063972,14.9996,2.4972,0.1569,0.0721,2.35,0.18
159,3713516860.0268297,14.9997,2.4973,0.1568,0.0720,2.35,0.18
160,3713516861.050021,14.9997,2.4973,0.1570,0.0720,2.35,0.18
161,3713516862.071438,14.9997,2.4973,0.1577,0.0722,2.37,0.18
162,3713516863.102395,14.9997,2.4973,0.1578,0.0722,2.37,0.18
163,3713516864.121315,14.9997,2.4973,0.1578,0.0722,2.37,0.18
164,3713516865.1570625,14.9997,2.4974,0.1578,0.0722,2.37,0.18
165,3713516866.1773777,14.9997,2.4973,0.1578,0.0722,2.37,0.18
166,3713516867.1964483,14.9997,2.4972,0.1578,0.0722,2.37,0.18
167,3713516868.2154155,14.9998,2.4972,0.1578,0.0722,2.37,0.18
168,3713516869.2347684,14.9998,2.4973,0.1578,0.0722,2.37,0.18
169,3713516870.255055,14.9998,2.4973,0.1578,0.0722,2.37,0.18
170,3713516871.277883,14.9997,2.4973,0.1578,0.0722,2.37,0.18
171,3713516872.296973,14.9997,2.4972,0.1577,0.0722,2.37,0.18
172,3713516873.3315554,14.9997,2.4973,0.1577,0.0722,2.37,0.18
173,3713516874.3496294,14.9995,2.4972,0.1578,0.0722,2.37,0.18
174,3713516875.3841457,14.9995,2.4973,0.1578,0.0722,2.37,0.18
175,3713516876.403566,14.9996,2.4973,0.1578,0.0722,2.37,0.18
176,3713516877.437211,14.9996,2.4972,0.1578,0.0722,2.37,0.18
177,3713516878.455561,14.9998,2.4972,0.1578,0.0722,2.37,0.18
178,3713516879.4749775,14.9998,2.4973,0.1578,0.0722,2.37,0.18
179,3713516880.494951,14.9997,2.4973,0.1578,0.0722,2.37,0.18
180,3713516881.5166736,14.9998,2.4973,0.1578,0.0722,2.37,0.18
181,3713516882.535478,14.9998,2.4973,0.1578,0.0722,2.37,0.18
182,3713516883.5568943,14.9998,2.4973,0.1578,0.0722,2.37,0.18
183,3713516884.578149,14.9998,2.4972,0.1578,0.0722,2.37,0.18
184,3713516885.6005116,14.9998,2.4973,0.1578,0.0722,2.37,0.18
185,3713516886.634075,14.9998,2.4973,0.1578,0.0722,2.37,0.18
186,3713516887.6671586,14.9997,2.4972,0.1578,0.0722,2.37,0.18
187,3713516888.6878023,14.9998,2.4973,0.1578,0.0722,2.37,0.18
188,3713516889.706152,14.9997,2.4973,0.1578,0.0722,2.37,0.18
189,3713516890.7261353,14.9997,2.4972,0.1578,0.0722,2.37,0.18
190,3713516891.74619,14.9998,2.4972,0.1579,0.0722,2.37,0.18
191,3713516892.765241,14.9998,2.4972,0.1579,0.0722,2.37,0.18
192,3713516893.797538,14.9997,2.4972,0.1579,0.0722,2.37,0.18
193,3713516894.8160334,14.9998,2.4972,0.1579,0.0722,2.37,0.18
194,3713516895.850075,14.9999,2.4972,0.1579,0.0722,2.37,0.18
195,3713516896.883569,14.9998,2.4972,0.1579,0.0722,2.37,0.18
196,3713516897.918977,14.9997,2.4972,0.1579,0.0722,2.37,0.18
197,3713516898.937395,14.9997,2.4972,0.1579,0.0722,2.37,0.18
198,3713516899.960031,14.9998,2.4972,0.1579,0.0722,2.37,0.18
199,3713516900.9826603,14.9998,2.4972,0.1579,0.0722,2.37,0.18
200,3713516902.0159388,14.9997,2.4972,0.1579,0.0722,2.37,0.18
201,3713516903.0379057,14.9998,2.4972,0.1579,0.0722,2.37,0.18
202,3713516904.0572906,14.9998,2.4972,0.1579,0.0722,2.37,0.18
203,3713516905.0780487,14.9997,2.4973,0.1578,0.0722,2.37,0.18
204,3713516906.096716,14.9997,2.4973,0.1578,0.0722,2.37,0.18
205,3713516907.1189356,14.9997,2.4973,0.1579,0.0722,2.37,0.18
206,3713516908.1403866,14.9997,2.4973,0.1579,0.0722,2.37,0.18
207,3713516909.1764336,14.9996,2.4973,0.1579,0.0722,2.37,0.18
208,3713516910.196737,14.9998,2.4973,0.1579,0.0722,2.37,0.18
209,3713516911.217723,14.9997,2.4973,0.1579,0.0722,2.37,0.18
210,3713516912.2396994,14.9997,2.4973,0.1579,0.0722,2.37,0.18
211,3713516913.27332,14.9998,2.4974,0.1579,0.0722,2.37,0.18
212,3713516914.2933197,14.9997,2.4973,0.1579,0.0722,2.37,0.18
213,3713516915.3270416,14.9998,2.4973,0.1579,0.0722,2.37,0.18
214,3713516916.360338,14.9998,2.4973,0.1579,0.0722,2.37,0.18
215,3713516917.381241,14.9998,2.4973,0.1579,0.0722,2.37,0.18
216,3713516918.4011397,14.9997,2.4973,0.1579,0.0722,2.37,0.18
217,3713516919.4204483,14.9996,2.4972,0.1579,0.0722,2.37,0.18
218,3713516920.4530325,14.9996,2.4973,0.1579,0.0722,2.37,0.18
219,3713516921.486333,14.9995,2.4972,0.1579,0.0722,2.37,0.18
220,3713516922.5077944,14.9996,2.4973,0.1579,0.0722,2.37,0.18
221,3713516923.5272765,14.9998,2.4973,0.1579,0.0722,2.37,0.18
222,3713516924.5599556,14.9997,2.4973,0.1579,0.0722,2.37,0.18
223,3713516925.5803714,14.9997,2.4973,0.1579,0.0722,2.37,0.18
224,3713516926.5997834,14.9996,2.4973,0.1579,0.0722,2.37,0.18
225,3713516927.61952,14.9996,2.4973,0.1580,0.0722,2.37,0.18
226,3713516928.6398926,14.9996,2.4972,0.1580,0.0722,2.37,0.18
227,3713516929.6613073,14.9996,2.4973,0.1580,0.0722,2.37,0.18
228,3713516930.694518,14.9996,2.4973,0.1580,0.0722,2.37,0.18
229,3713516931.7129345,14.9995,2.4973,0.1580,0.0722,2.37,0.18
230,3713516932.732751,14.9995,2.4973,0.1580,0.0722,2.37,0.18
231,3713516933.750994,14.9995,2.4973,0.1580,0.0722,2.37,0.18
232,3713516934.7737865,14.9996,2.4973,0.1580,0.0722,2.37,0.18
233,3713516935.806984,14.9994,2.4973,0.1580,0.0722,2.37,0.18
234,3713516936.8273106,14.9995,2.4972,0.1580,0.0722,2.37,0.18
235,3713516937.8489523,14.9995,2.4973,0.1580,0.0722,2.37,0.18
236,3713516938.8816996,14.9995,2.4972,0.1580,0.0722,2.37,0.18
237,3713516939.899921,14.9997,2.4973,0.1580,0.0722,2.37,0.18
238,3713516940.935606,14.9997,2.4973,0.1580,0.0722,2.37,0.18
239,3713516941.9580145,14.9997,2.4972,0.1580,0.0722,2.37,0.18
240,3713516942.989258,14.9996,2.4972,0.1580,0.0722,2.37,0.18
241,3713516944.024665,14.9997,2.4973,0.1580,0.0722,2.37,0.18
242,3713516945.0474377,14.9998,2.4973,0.1580,0.0722,2.37,0.18
243,3713516946.078389,14.9996,2.4973,0.1579,0.0722,2.37,0.18
244,3713516947.09915,14.9997,2.4973,0.1579,0.0722,2.37,0.18
245,3713516948.119665,14.9998,2.4973,0.1579,0.0722,2.37,0.18
246,3713516949.1553316,14.9998,2.4973,0.1579,0.0722,2.37,0.18
247,3713516950.1750574,14.9998,2.4972,0.1579,0.0722,2.37,0.18
248,3713516951.2074666,14.9997,2.4972,0.1579,0.0722,2.37,0.18
249,3713516952.2447395,14.9995,2.4973,0.1579,0.0722,2.37,0.18
250,3713516953.267044,14.9995,2.4973,0.1579,0.0722,2.37,0.18
251,3713516954.287688,14.9996,2.4973,0.1579,0.0722,2.37,0.18
252,3713516955.321892,14.9996,2.4973,0.1579,0.0722,2.37,0.18
253,3713516956.355253,14.9995,2.4973,0.1579,0.0722,2.37,0.18
254,3713516957.374048,14.9995,2.4973,0.1579,0.0722,2.37,0.18
255,3713516958.4084597,14.9996,2.4973,0.1579,0.0722,2.37,0.18
256,3713516959.427679,14.9995,2.4972,0.1579,0.0722,2.37,0.18
257,3713516960.4484167,14.9994,2.4972,0.1579,0.0722,2.37,0.18
258,3713516961.4798765,14.9995,2.4973,0.1579,0.0722,2.37,0.18
259,3713516962.5002913,14.9996,2.4973,0.1578,0.0722,2.37,0.18
260,3713516963.535816,14.9995,2.4973,0.1579,0.0722,2.37,0.18
261,3713516964.558064,14.9995,2.4973,0.1579,0.0722,2.37,0.18
262,3713516965.577819,14.9996,2.4973,0.1579,0.0722,2.37,0.18
263,3713516966.6135955,14.9996,2.4973,0.1579,0.0722,2.37,0.18
264,3713516967.6493826,14.9996,2.4973,0.1579,0.0722,2.37,0.18
265,3713516968.6811056,14.9995,2.4973,0.1579,0.0722,2.37,0.18
266,3713516969.715268,14.9995,2.4973,0.1579,0.0722,2.37,0.18
267,3713516970.7476873,14.9996,2.4974,0.1579,0.0722,2.37,0.18
268,3713516971.7681513,14.9996,2.4973,0.1579,0.0722,2.37,0.18
269,3713516972.7865305,14.9996,2.4974,0.1578,0.0722,2.37,0.18
270,3713516973.819247,14.9996,2.4974,0.1579,0.0722,2.37,0.18
271,3713516974.840575,14.9997,2.4973,0.1579,0.0722,2.37,0.18
272,3713516975.877486,14.9997,2.4974,0.1579,0.0722,2.37,0.18
273,3713516976.909872,14.9997,2.4974,0.1579,0.0722,2.37,0.18
274,3713516977.9332914,14.9997,2.4973,0.1579,0.0722,2.37,0.18
275,3713516978.9516687,14.9997,2.4974,0.1579,0.0722,2.37,0.18
276,3713516979.9702682,14.9998,2.4973,0.1578,0.0722,2.37,0.18
277,3713516980.989684,14.9998,2.4973,0.1578,0.0722,2.37,0.18
278,3713516982.0099993,14.9997,2.4973,0.1578,0.0722,2.37,0.18
279,3713516983.043952,14.9997,2.4974,0.1578,0.0722,2.37,0.18
280,3713516984.0627146,14.9998,2.4973,0.1579,0.0722,2.37,0.18
281,3713516985.0821304,14.9997,2.4973,0.1579,0.0722,2.37,0.18
282,3713516986.115674,14.9997,2.4973,0.1579,0.0722,2.37,0.18
283,3713516987.13815,14.9998,2.4973,0.1578,0.0722,2.37,0.18
284,3713516988.156595,14.9997,2.4973,0.1578,0.0722,2.37,0.18
285,3713516989.179102,14.9997,2.4972,0.1578,0.0722,2.37,0.18
286,3713516990.1975513,14.9998,2.4973,0.1578,0.0722,2.37,0.18
287,3713516991.230401,14.9999,2.4973,0.1578,0.0722,2.37,0.18
288,3713516992.2487955,14.9998,2.4973,0.1578,0.0722,2.37,0.18
289,3713516993.269621,14.9997,2.4973,0.1578,0.0722,2.37,0.18
290,3713516994.290038,14.9998,2.4972,0.1578,0.0722,2.37,0.18
291,3713516995.3243847,14.9998,2.4972,0.1578,0.0722,2.37,0.18
292,3713516996.3469276,14.9998,2.4973,0.1578,0.0722,2.37,0.18
293,3713516997.384384,14.9997,2.4973,0.1578,0.0722,2.37,0.18
294,3713516998.4059505,14.9997,2.4972,0.1578,0.0722,2.37,0.18
295,3713516999.4283957,14.9997,2.4973,0.1578,0.0722,2.37,0.18
296,3713517000.459385,14.9997,2.4973,0.1578,0.0722,2.37,0.18
297,3713517001.478447,14.9996,2.4973,0.1578,0.0722,2.37,0.18
298,3713517002.510107,14.9996,2.4973,0.1578,0.0722,2.37,0.18
299,3713517003.543462,14.9997,2.4972,0.1578,0.0722,2.37,0.18
300,3713517004.574143,14.9997,2.4973,0.1578,0.0722,2.37,0.18
301,3713517005.610022,14.9996,2.4973,0.1578,0.0722,2.37,0.18
302,3713517006.6303053,14.9996,2.4973,0.1578,0.0722,2.37,0.18
303,3713517007.6530037,14.9997,2.4972,0.1578,0.0722,2.37,0.18
304,3713517008.673455,14.9997,2.4972,0.1578,0.0722,2.37,0.18
305,3713517009.706129,14.9997,2.4973,0.1578,0.0722,2.37,0.18
306,3713517010.7267733,14.9997,2.4973,0.1578,0.0722,2.37,0.18
307,3713517011.7458954,14.9998,2.4972,0.1578,0.0722,2.37,0.18
308,3713517012.7683115,14.9998,2.4973,0.1578,0.0722,2.37,0.18
309,3713517013.802227,14.9998,2.4973,0.1578,0.0722,2.37,0.18
310,3713517014.8246536,14.9999,2.4973,0.1579,0.0722,2.37,0.18
311,3713517015.857976,14.9998,2.4972,0.1578,0.0722,2.37,0.18
312,3713517016.876958,14.9998,2.4973,0.1582,0.0723,2.37,0.18
313,3713517017.8999195,14.9998,2.4973,0.1589,0.0724,2.38,0.18
314,3713517018.920063,14.9998,2.4973,0.1589,0.0724,2.38,0.18
315,3713517019.953475,14.9997,2.4972,0.1589,0.0724,2.38,0.18
316,3713517020.9873743,14.9997,2.4973,0.1589,0.0724,2.38,0.18
317,3713517022.0077925,14.9998,2.4973,0.1589,0.0724,2.38,0.18
318,3713517023.028833,14.9997,2.4972,0.1589,0.0724,2.38,0.18
319,3713517024.0594773,14.9997,2.4972,0.1589,0.0724,2.38,0.18
320,3713517025.095917,14.9997,2.4972,0.1589,0.0724,2.38,0.18
321,3713517026.1144867,14.9997,2.4972,0.1589,0.0724,2.38,0.18
322,3713517027.13358,14.9996,2.4972,0.1589,0.0724,2.38,0.18
323,3713517028.153059,14.9997,2.4972,0.1589,0.0724,2.38,0.18
324,3713517029.1740694,14.9997,2.4972,0.1589,0.0724,2.38,0.18
325,3713517030.195347,14.9996,2.4973,0.1589,0.0724,2.38,0.18
326,3713517031.2149534,14.9997,2.4973,0.1589,0.0724,2.38,0.18
327,3713517032.234438,14.9997,2.4973,0.1589,0.0724,2.38,0.18
328,3713517033.2540236,14.9997,2.4973,0.1589,0.0724,2.38,0.18
329,3713517034.2740917,14.9996,2.4973,0.1589,0.0724,2.38,0.18
330,3713517035.3084526,14.9996,2.4973,0.1589,0.0724,2.38,0.18
331,3713517036.3270383,14.9997,2.4973,0.1589,0.0724,2.38,0.18
332,3713517037.3463726,14.9996,2.4973,0.1589,0.0724,2.38,0.18
333,3713517038.3695908,14.9995,2.4974,0.1589,0.0724,2.38,0.18
334,3713517039.390031,14.9996,2.4974,0.1589,0.0724,2.38,0.18
335,3713517040.4105554,14.9996,2.4973,0.1589,0.0724,2.38,0.18
336,3713517041.43251,14.9996,2.4973,0.1589,0.0724,2.38,0.18
337,3713517042.4518595,14.9996,2.4973,0.1589,0.0724,2.38,0.18
338,3713517043.489194,14.9997,2.4973,0.1589,0.0724,2.38,0.18
339,3713517044.510521,14.9996,2.4973,0.1589,0.0724,2.38,0.18
340,3713517045.5447493,14.9996,2.4973,0.1589,0.0724,2.38,0.18
341,3713517046.5645447,14.9995,2.4973,0.1589,0.0724,2.38,0.18
342,3713517047.5992765,14.9996,2.4973,0.1589,0.0724,2.38,0.18
343,3713517048.621081,14.9997,2.4973,0.1589,0.0724,2.38,0.18
344,3713517049.6413507,14.9996,2.4973,0.1589,0.0724,2.38,0.18
345,3713517050.6748943,14.9997,2.4973,0.1589,0.0724,2.38,0.18
346,3713517051.69493,14.9996,2.4973,0.1589,0.0724,2.38,0.18
347,3713517052.715186,14.9996,2.4974,0.1589,0.0724,2.38,0.18
348,3713517053.750605,14.9997,2.4973,0.1589,0.0724,2.38,0.18
349,3713517054.769346,14.9997,2.4973,0.1589,0.0724,2.38,0.18
350,3713517055.7911305,14.9996,2.4973,0.1589,0.0724,2.38,0.18
351,3713517056.823116,14.9995,2.4974,0.1589,0.0724,2.38,0.18
352,3713517057.8540716,14.9995,2.4974,0.1589,0.0724,2.38,0.18
353,3713517058.8764844,14.9996,2.4973,0.1589,0.0724,2.38,0.18
354,3713517059.896273,14.9996,2.4973,0.1589,0.0724,2.38,0.18
355,3713517060.929364,14.9996,2.4973,0.1589,0.0724,2.38,0.18
356,3713517061.952669,14.9997,2.4972,0.1589,0.0724,2.38,0.18
357,3713517062.9846764,14.9997,2.4973,0.1589,0.0724,2.38,0.18
358,3713517064.0041714,14.9997,2.4973,0.1589,0.0724,2.38,0.18
359,3713517065.022967,14.9997,2.4973,0.1589,0.0724,2.38,0.18
360,3713517066.0549793,14.9998,2.4973,0.1589,0.0724,2.38,0.18
361,3713517067.090043,14.9997,2.4973,0.1589,0.0724,2.38,0.18
362,3713517068.1131873,14.9997,2.4973,0.1589,0.0724,2.38,0.18
363,3713517069.144746,14.9997,2.4974,0.1589,0.0724,2.38,0.18
364,3713517070.1762037,14.9997,2.4973,0.1589,0.0724,2.38,0.18
365,3713517071.2124557,14.9996,2.4973,0.1589,0.0724,2.38,0.18
366,3713517072.230253,14.9997,2.4974,0.1589,0.0724,2.38,0.18
367,3713517073.25263,14.9996,2.4972,0.1589,0.0724,2.38,0.18
368,3713517074.2874546,14.9997,2.4972,0.1589,0.0724,2.38,0.18
369,3713517075.3065963,14.9997,2.4972,0.1589,0.0724,2.38,0.18
370,3713517076.328905,14.9997,2.4973,0.1589,0.0724,2.38,0.18
371,3713517077.363231,14.9996,2.4973,0.1589,0.0724,2.38,0.18
372,3713517078.383786,14.9996,2.4973,0.1588,0.0724,2.38,0.18
373,3713517079.4032645,14.9996,2.4973,0.1589,0.0724,2.38,0.18
374,3713517080.4335938,14.9997,2.4973,0.1589,0.0724,2.38,0.18
375,3713517081.4680986,14.9998,2.4974,0.1589,0.0724,2.38,0.18
376,3713517082.4862623,14.9997,2.4974,0.1589,0.0724,2.38,0.18
377,3713517083.507124,14.9998,2.4973,0.1589,0.0724,2.38,0.18
378,3713517084.528075,14.9998,2.4973,0.1589,0.0724,2.38,0.18
379,3713517085.559514,14.9998,2.4973,0.1589,0.0724,2.38,0.18
380,3713517086.579373,14.9997,2.4973,0.1589,0.0724,2.38,0.18
381,3713517087.6005034,14.9998,2.4974,0.1589,0.0724,2.38,0.18
382,3713517088.6212234,14.9998,2.4974,0.1589,0.0724,2.38,0.18
383,3713517089.656189,14.9997,2.4973,0.1589,0.0724,2.38,0.18
384,3713517090.67651,14.9998,2.4973,0.1589,0.0724,2.38,0.18
385,3713517091.696116,14.9997,2.4973,0.1590,0.0724,2.38,0.18
386,3713517092.7265854,14.9997,2.4973,0.1590,0.0724,2.38,0.18
387,3713517093.7446833,14.9998,2.4973,0.1590,0.0724,2.38,0.18
388,3713517094.7632694,14.9998,2.4973,0.1590,0.0724,2.38,0.18
389,3713517095.784686,14.9999,2.4973,0.1589,0.0724,2.38,0.18
390,3713517096.80284,14.9999,2.4973,0.1589,0.0724,2.38,0.18
391,3713517097.822076,14.9997,2.4973,0.1589,0.0724,2.38,0.18
392,3713517098.856835,14.9997,2.4973,0.1590,0.0724,2.38,0.18
393,3713517099.877084,14.9998,2.4973,0.1589,0.0724,2.38,0.18
394,3713517100.896244,14.9997,2.4973,0.1589,0.0724,2.38,0.18
395,3713517101.9325714,14.9997,2.4973,0.1589,0.0724,2.38,0.18
396,3713517102.951111,14.9997,2.4973,0.1590,0.0724,2.38,0.18
397,3713517103.972149,14.9998,2.4973,0.1589,0.0724,2.38,0.18
398,3713517104.9905734,14.9999,2.4972,0.1589,0.0724,2.38,0.18
399,3713517106.009615,15.0000,2.4973,0.1589,0.0724,2.38,0.18
400,3713517107.043143,14.9999,2.4973,0.1589,0.0724,2.38,0.18
401,3713517108.061655,15.0000,2.4973,0.1589,0.0724,2.38,0.18
402,3713517109.0990934,15.0000,2.4973,0.1589,0.0724,2.38,0.18
403,3713517110.1205683,15.0000,2.4973,0.1589,0.0724,2.38,0.18
404,3713517111.156188,15.0000,2.4973,0.1589,0.0724,2.38,0.18
405,3713517112.1752367,14.9998,2.4973,0.1589,0.0724,2.38,0.18
406,3713517113.195513,14.9997,2.4973,0.1589,0.0724,2.38,0.18
407,3713517114.2138186,14.9998,2.4972,0.1589,0.0724,2.38,0.18
408,3713517115.233695,14.9997,2.4972,0.1589,0.0724,2.38,0.18
409,3713517116.266297,14.9997,2.4972,0.1589,0.0724,2.38,0.18
410,3713517117.2847624,14.9999,2.4972,0.1589,0.0724,2.38,0.18
411,3713517118.3191047,14.9998,2.4973,0.1589,0.0724,2.38,0.18
412,3713517119.351385,14.9997,2.4973,0.1589,0.0724,2.38,0.18
413,3713517120.387057,14.9997,2.4972,0.1588,0.0724,2.38,0.18
414,3713517121.4081254,14.9996,2.4972,0.1588,0.0724,2.38,0.18
415,3713517122.4305754,14.9997,2.4972,0.1589,0.0724,2.38,0.18
416,3713517123.4611206,14.9997,2.4972,0.1589,0.0724,2.38,0.18
417,3713517124.4822903,14.9997,2.4972,0.1589,0.0724,2.38,0.18
418,3713517125.502306,14.9997,2.4973,0.1589,0.0724,2.38,0.18
419,3713517126.5235023,14.9997,2.4972,0.1589,0.0724,2.38,0.18
420,3713517127.543916,14.9997,2.4972,0.1589,0.0724,2.38,0.18
421,3713517128.577326,14.9997,2.4972,0.1589,0.0724,2.38,0.18
422,3713517129.609706,14.9997,2.4973,0.1589,0.0724,2.38,0.18
423,3713517130.6465116,14.9996,2.4973,0.1590,0.0724,2.38,0.18
424,3713517131.667263,14.9997,2.4973,0.1589,0.0724,2.38,0.18
425,3713517132.689647,14.9996,2.4973,0.1590,0.0724,2.38,0.18
426,3713517133.708392,14.9998,2.4973,0.1590,0.0724,2.38,0.18
427,3713517134.7288065,14.9997,2.4973,0.1589,0.0724,2.38,0.18
428,3713517135.7485476,14.9998,2.4973,0.1590,0.0724,2.38,0.18
429,3713517136.7690306,14.9998,2.4973,0.1589,0.0724,2.38,0.18
430,3713517137.7886267,14.9999,2.4973,0.1589,0.0724,2.38,0.18
431,3713517138.8088675,14.9999,2.4973,0.1589,0.0724,2.38,0.18
432,3713517139.829681,14.9999,2.4973,0.1589,0.0724,2.38,0.18
433,3713517140.849084,14.9998,2.4973,0.1589,0.0724,2.38,0.18
434,3713517141.8682823,14.9997,2.4973,0.1589,0.0724,2.38,0.18
435,3713517142.9024315,14.9998,2.4973,0.1589,0.0724,2.38,0.18
436,3713517143.935646,14.9998,2.4973,0.1589,0.0724,2.38,0.18
437,3713517144.9697423,14.9997,2.4973,0.1589,0.0724,2.38,0.18
438,3713517145.9996834,14.9998,2.4973,0.1588,0.0724,2.38,0.18
439,3713517147.0316987,14.9999,2.4973,0.1588,0.0724,2.38,0.18
440,3713517148.064025,15.0000,2.4972,0.1589,0.0724,2.38,0.18
441,3713517149.0854435,14.9999,2.4973,0.1589,0.0724,2.38,0.18
442,3713517150.10567,14.9998,2.4972,0.1589,0.0724,2.38,0.18
443,3713517151.126259,14.9999,2.4972,0.1589,0.0724,2.38,0.18
444,3713517152.1587934,14.9998,2.4972,0.1589,0.0724,2.38,0.18
445,3713517153.1783047,14.9997,2.4973,0.1589,0.0724,2.38,0.18
446,3713517154.1984434,14.9998,2.4973,0.1589,0.0724,2.38,0.18
447,3713517155.2315855,14.9999,2.4972,0.1589,0.0724,2.38,0.18
448,3713517156.2517004,15.0000,2.4972,0.1589,0.0724,2.38,0.18
449,3713517157.2861176,15.0001,2.4972,0.1589,0.0724,2.38,0.18
450,3713517158.3159475,14.9999,2.4972,0.1589,0.0724,2.38,0.18
451,3713517159.3482847,14.9999,2.4973,0.1589,0.0724,2.38,0.18
452,3713517160.369694,14.9999,2.4973,0.1589,0.0724,2.38,0.18
453,3713517161.391457,14.9999,2.4973,0.1590,0.0724,2.38,0.18
454,3713517162.411874,14.9999,2.4973,0.1590,0.0724,2.38,0.18
455,3713517163.4455595,14.9999,2.4973,0.1590,0.0724,2.38,0.18
456,3713517164.4779673,14.9999,2.4972,0.1590,0.0724,2.38,0.18
457,3713517165.49597,14.9999,2.4973,0.1590,0.0724,2.38,0.18
458,3713517166.5303698,14.9999,2.4973,0.1590,0.0724,2.38,0.18
459,3713517167.5490923,14.9998,2.4973,0.1590,0.0724,2.38,0.18
460,3713517168.5689526,14.9998,2.4973,0.1590,0.0724,2.38,0.18
461,3713517169.5885215,14.9999,2.4973,0.1590,0.0724,2.38,0.18
462,3713517170.6116343,14.9999,2.4973,0.1590,0.0724,2.38,0.18
463,3713517171.6318808,14.9999,2.4973,0.1590,0.0724,2.38,0.18
464,3713517172.650363,14.9999,2.4972,0.1590,0.0724,2.38,0.18
465,3713517173.6713867,14.9999,2.4972,0.1590,0.0724,2.38,0.18
466,3713517174.709808,14.9999,2.4972,0.1590,0.0724,2.38,0.18
467,3713517175.748456,14.9999,2.4972,0.1589,0.0724,2.38,0.18
468,3713517176.785445,14.9998,2.4972,0.1590,0.0724,2.38,0.18
469,3713517177.817895,14.9999,2.4972,0.1590,0.0724,2.38,0.18
470,3713517178.8380632,14.9999,2.4972,0.1590,0.0724,2.38,0.18
471,3713517179.8584347,15.0000,2.4972,0.1589,0.0724,2.38,0.18
472,3713517180.894927,15.0000,2.4972,0.1589,0.0724,2.38,0.18
473,3713517181.91498,15.0000,2.4972,0.1589,0.0724,2.38,0.18
474,3713517182.9348984,14.9999,2.4972,0.1589,0.0724,2.38,0.18
475,3713517183.9568067,14.9998,2.4972,0.1589,0.0724,2.38,0.18
476,3713517184.989953,14.9997,2.4972,0.1589,0.0724,2.38,0.18
477,3713517186.0113497,14.9997,2.4973,0.1589,0.0724,2.38,0.18
478,3713517187.043335,14.9998,2.4972,0.1589,0.0724,2.38,0.18
479,3713517188.064751,14.9998,2.4972,0.1589,0.0724,2.38,0.18
480,3713517189.0839148,14.9998,2.4972,0.1589,0.0724,2.38,0.18
481,3713517190.107328,14.9997,2.4972,0.1589,0.0724,2.38,0.18
482,3713517191.1407423,14.9996,2.4973,0.1589,0.0724,2.38,0.18
483,3713517192.174412,14.9997,2.4972,0.1589,0.0724,2.38,0.18
484,3713517193.193613,14.9997,2.4973,0.1589,0.0724,2.38,0.18
485,3713517194.2145586,14.9997,2.4973,0.1589,0.0724,2.38,0.18
486,3713517195.248402,14.9998,2.4973,0.1589,0.0724,2.38,0.18
487,3713517196.2837543,14.9998,2.4973,0.1589,0.0724,2.38,0.18
488,3713517197.3035617,14.9997,2.4973,0.1589,0.0724,2.38,0.18
489,3713517198.3260136,14.9997,2.4973,0.1588,0.0724,2.38,0.18
490,3713517199.3473606,14.9998,2.4972,0.1588,0.0724,2.38,0.18
491,3713517200.3658853,15.0000,2.4972,0.1588,0.0724,2.38,0.18
492,3713517201.3863897,14.9999,2.4973,0.1588,0.0724,2.38,0.18
493,3713517202.4201202,14.9999,2.4973,0.1588,0.0724,2.38,0.18
494,3713517203.439671,14.9999,2.4973,0.1588,0.0724,2.38,0.18
495,3713517204.4611254,14.9999,2.4973,0.1588,0.0724,2.38,0.18
496,3713517205.482722,14.9998,2.4973,0.1589,0.0724,2.38,0.18
497,3713517206.50317,14.9998,2.4973,0.1589,0.0724,2.38,0.18
498,3713517207.5234003,14.9997,2.4972,0.1589,0.0724,2.38,0.18
499,3713517208.5569434,14.9998,2.4972,0.1589,0.0724,2.38,0.18
500,3713517209.576021,14.9999,2.4972,0.1589,0.0724,2.38,0.18
501,3713517210.5954304,14.9998,2.4973,0.1589,0.0724,2.38,0.18
502,3713517211.6305523,14.9998,2.4973,0.1588,0.0724,2.38,0.18
503,3713517212.651145,14.9997,2.4973,0.1588,0.0724,2.38,0.18
504,3713517213.6707277,14.9997,2.4973,0.1588,0.0724,2.38,0.18
505,3713517214.6905365,14.9996,2.4973,0.1589,0.0724,2.38,0.18
506,3713517215.726857,14.9997,2.4973,0.1589,0.0724,2.38,0.18
507,3713517216.7499466,14.9997,2.4972,0.1589,0.0724,2.38,0.18
508,3713517217.7713633,14.9997,2.4972,0.1589,0.0724,2.38,0.18
509,3713517218.8041887,14.9997,2.4972,0.1588,0.0724,2.38,0.18
510,3713517219.8262434,14.9997,2.4973,0.1588,0.0724,2.38,0.18
511,3713517220.847904,14.9996,2.4973,0.1588,0.0724,2.38,0.18
512,3713517221.884311,14.9997,2.4973,0.1588,0.0724,2.38,0.18
513,3713517222.905137,15.0000,2.4972,0.1588,0.0724,2.38,0.18
514,3713517223.9354954,14.9999,2.4974,0.1588,0.0724,2.38,0.18
515,3713517224.953883,14.9998,2.4973,0.1588,0.0724,2.38,0.18
516,3713517225.9741144,14.9998,2.4973,0.1588,0.0724,2.38,0.18
517,3713517226.9932847,14.9997,2.4973,0.1587,0.0724,2.38,0.18
518,3713517228.0136995,14.9996,2.4973,0.1587,0.0724,2.38,0.18
519,3713517229.0491934,14.9997,2.4973,0.1587,0.0724,2.38,0.18
520,3713517230.0819936,14.9997,2.4973,0.1587,0.0724,2.38,0.18
521,3713517231.10338,14.9997,2.4973,0.1587,0.0724,2.38,0.18
522,3713517232.1367908,14.9998,2.4972,0.1587,0.0724,2.38,0.18
523,3713517233.171468,14.9997,2.4972,0.1587,0.0724,2.38,0.18
524,3713517234.204256,14.9996,2.4973,0.1587,0.0724,2.38,0.18
525,3713517235.238045,14.9996,2.4972,0.1587,0.0724,2.38,0.18
526,3713517236.259073,14.9996,2.4973,0.1587,0.0724,2.38,0.18
527,3713517237.292426,14.9996,2.4972,0.1587,0.0724,2.38,0.18
528,3713517238.3275776,14.9996,2.4972,0.1587,0.0724,2.38,0.18
529,3713517239.357056,14.9997,2.4972,0.1588,0.0724,2.38,0.18
530,3713517240.375764,14.9998,2.4972,0.1588,0.0724,2.38,0.18
531,3713517241.409458,14.9998,2.4972,0.1588,0.0724,2.38,0.18
532,3713517242.431218,14.9996,2.4973,0.1588,0.0724,2.38,0.18
533,3713517243.4699574,14.9997,2.4973,0.1588,0.0724,2.38,0.18
534,3713517244.506418,14.9997,2.4973,0.1588,0.0724,2.38,0.18
535,3713517245.5250425,14.9998,2.4973,0.1589,0.0724,2.38,0.18
536,3713517246.545295,14.9998,2.4973,0.1589,0.0724,2.38,0.18
537,3713517247.56473,14.9997,2.4973,0.1589,0.0724,2.38,0.18
538,3713517248.5850677,14.9997,2.4973,0.1589,0.0724,2.38,0.18
539,3713517249.6143546,14.9997,2.4974,0.1589,0.0724,2.38,0.18
540,3713517250.632888,14.9997,2.4974,0.1589,0.0724,2.38,0.18
541,3713517251.6540165,14.9998,2.4973,0.1589,0.0724,2.38,0.18
542,3713517252.7049236,14.9998,2.4972,0.1589,0.0724,2.38,0.18
543,3713517253.7253275,14.9997,2.4973,0.1589,0.0724,2.38,0.18
544,3713517254.748742,14.9996,2.4973,0.1589,0.0724,2.38,0.18
545,3713517255.7694483,14.9996,2.4973,0.1589,0.0724,2.38,0.18
546,3713517256.7921705,14.9995,2.4973,0.1589,0.0724,2.38,0.18
547,3713517257.8117537,14.9995,2.4973,0.1589,0.0724,2.38,0.18
548,3713517258.843933,14.9995,2.4973,0.1590,0.0724,2.38,0.18
549,3713517259.8632984,14.9995,2.4972,0.1599,0.0726,2.40,0.18
550,3713517260.883898,14.9996,2.4972,0.1600,0.0726,2.40,0.18
551,3713517261.9035573,14.9997,2.4972,0.1600,0.0726,2.40,0.18
552,3713517262.9242363,14.9996,2.4972,0.1600,0.0726,2.40,0.18
553,3713517263.957138,14.9997,2.4972,0.1600,0.0726,2.40,0.18
554,3713517264.993054,14.9996,2.4973,0.1600,0.0726,2.40,0.18
555,3713517266.014806,14.9997,2.4972,0.1600,0.0726,2.40,0.18
556,3713517267.0501533,14.9997,2.4972,0.1600,0.0726,2.40,0.18
557,3713517268.068625,14.9996,2.4972,0.1600,0.0726,2.40,0.18
558,3713517269.0901527,14.9996,2.4972,0.1600,0.0726,2.40,0.18
559,3713517270.1102486,14.9996,2.4973,0.1600,0.0726,2.40,0.18
560,3713517271.13024,14.9996,2.4972,0.1600,0.0726,2.40,0.18
561,3713517272.164132,14.9996,2.4972,0.1601,0.0726,2.40,0.18
562,3713517273.1940327,14.9996,2.4972,0.1601,0.0726,2.40,0.18
563,3713517274.2134614,14.9996,2.4971,0.1601,0.0726,2.40,0.18
564,3713517275.2493362,14.9996,2.4972,0.1601,0.0726,2.40,0.18
565,3713517276.268756,14.9996,2.4972,0.1601,0.0726,2.40,0.18
566,3713517277.300807,14.9996,2.4972,0.1601,0.0726,2.40,0.18
567,3713517278.334173,14.9997,2.4972,0.1601,0.0726,2.40,0.18
568,3713517279.353233,14.9998,2.4972,0.1601,0.0726,2.40,0.18
569,3713517280.387268,14.9997,2.4973,0.1601,0.0726,2.40,0.18
570,3713517281.407376,14.9997,2.4972,0.1601,0.0726,2.40,0.18
571,3713517282.427067,14.9996,2.4971,0.1601,0.0726,2.40,0.18
572,3713517283.4493694,14.9997,2.4972,0.1601,0.0726,2.40,0.18
573,3713517284.468225,14.9998,2.4972,0.1602,0.0726,2.40,0.18
574,3713517285.502038,14.9998,2.4972,0.1601,0.0726,2.40,0.18
575,3713517286.5208464,14.9998,2.4972,0.1601,0.0726,2.40,0.18
576,3713517287.553595,14.9997,2.4972,0.1602,0.0726,2.40,0.18
577,3713517288.572303,14.9997,2.4972,0.1602,0.0726,2.40,0.18
578,3713517289.5928383,14.9996,2.4972,0.1602,0.0726,2.40,0.18
579,3713517290.6112556,14.9997,2.4973,0.1602,0.0726,2.40,0.18
580,3713517291.645382,14.9997,2.4973,0.1602,0.0726,2.40,0.18
581,3713517292.664628,14.9997,2.4972,0.1602,0.0726,2.40,0.18
582,3713517293.698292,14.9998,2.4972,0.1602,0.0726,2.40,0.18
583,3713517294.7172546,14.9998,2.4972,0.1602,0.0726,2.40,0.18
584,3713517295.735243,14.9998,2.4972,0.1602,0.0726,2.40,0.18
585,3713517296.754399,14.9997,2.4972,0.1602,0.0726,2.40,0.18
586,3713517297.7773347,14.9997,2.4972,0.1602,0.0726,2.40,0.18
587,3713517298.7957973,14.9996,2.4972,0.1602,0.0726,2.40,0.18
588,3713517299.8173676,14.9997,2.4972,0.1602,0.0726,2.40,0.18
589,3713517300.8527746,14.9997,2.4972,0.1603,0.0727,2.40,0.18
590,3713517301.873633,14.9996,2.4972,0.1603,0.0726,2.40,0.18
591,3713517302.9140606,14.9996,2.4972,0.1603,0.0726,2.40,0.18
592,3713517303.941703,14.9996,2.4973,0.1603,0.0726,2.40,0.18
593,3713517304.975441,14.9997,2.4973,0.1603,0.0726,2.40,0.18
594,3713517305.996564,14.9997,2.4973,0.1603,0.0726,2.40,0.18
595,3713517307.028484,14.9997,2.4973,0.1603,0.0726,2.40,0.18
596,3713517308.046973,14.9996,2.4972,0.1603,0.0726,2.40,0.18
597,3713517309.080515,14.9997,2.4972,0.1603,0.0726,2.40,0.18
598,3713517310.117325,14.9995,2.4972,0.1603,0.0726,2.40,0.18
599,3713517311.1377687,14.9995,2.4973,0.1603,0.0727,2.40,0.18
600,3713517312.159933,14.9995,2.4972,0.1603,0.0727,2.40,0.18
601,3713517313.1913986,14.9997,2.4973,0.1603,0.0726,2.40,0.18
602,3713517314.225272,14.9997,2.4973,0.1603,0.0726,2.40,0.18
603,3713517315.2587385,14.9997,2.4973,0.1603,0.0726,2.40,0.18
604,3713517316.279085,14.9996,2.4973,0.1603,0.0726,2.40,0.18
605,3713517317.312395,14.9995,2.4973,0.1603,0.0726,2.40,0.18
606,3713517318.3331194,14.9996,2.4973,0.1603,0.0726,2.40,0.18
607,3713517319.366218,14.9997,2.4972,0.1603,0.0727,2.40,0.18
608,3713517320.3990927,14.9997,2.4973,0.1603,0.0727,2.40,0.18
609,3713517321.4182987,14.9997,2.4973,0.1603,0.0727,2.40,0.18
610,3713517322.4512186,14.9997,2.4972,0.1603,0.0727,2.40,0.18
611,3713517323.4716783,14.9998,2.4973,0.1602,0.0727,2.40,0.18
612,3713517324.4898014,14.9997,2.4972,0.1603,0.0727,2.40,0.18
613,3713517325.5239325,14.9997,2.4973,0.1603,0.0727,2.40,0.18
614,3713517326.544054,14.9997,2.4973,0.1603,0.0727,2.40,0.18
615,3713517327.563966,14.9996,2.4973,0.1603,0.0727,2.40,0.18
616,3713517328.5829253,14.9997,2.4973,0.1603,0.0727,2.40,0.18
617,3713517329.6009097,14.9996,2.4973,0.1603,0.0727,2.40,0.18
618,3713517330.6223264,14.9996,2.4973,0.1603,0.0727,2.40,0.18
619,3713517331.6434245,14.9997,2.4972,0.1603,0.0727,2.40,0.18
620,3713517332.665249,14.9996,2.4972,0.1603,0.0727,2.40,0.18
621,3713517333.6831093,14.9996,2.4972,0.1603,0.0727,2.40,0.18
622,3713517334.7053638,14.9995,2.4973,0.1603,0.0727,2.40,0.18
623,3713517335.7260065,14.9996,2.4973,0.1603,0.0726,2.40,0.18
624,3713517336.7462215,14.9997,2.4972,0.1603,0.0726,2.40,0.18
625,3713517337.7789865,14.9997,2.4973,0.1603,0.0727,2.40,0.18
626,3713517338.812932,14.9997,2.4972,0.1603,0.0727,2.40,0.18
627,3713517339.8475046,14.9996,2.4972,0.1603,0.0727,2.40,0.18
628,3713517340.8683243,14.9997,2.4972,0.1603,0.0727,2.40,0.18
629,3713517341.890317,14.9997,2.4973,0.1603,0.0727,2.40,0.18
630,3713517342.9085264,14.9998,2.4973,0.1603,0.0727,2.40,0.18
631,3713517343.9302325,14.9996,2.4973,0.1603,0.0727,2.40,0.18
632,3713517344.9513903,14.9996,2.4974,0.1603,0.0727,2.40,0.18
633,3713517345.9718056,14.9997,2.4973,0.1603,0.0727,2.40,0.18
634,3713517346.9936094,14.9997,2.4973,0.1603,0.0727,2.40,0.18
635,3713517348.02591,14.9997,2.4973,0.1602,0.0727,2.40,0.18
636,3713517349.0468006,14.9998,2.4973,0.1602,0.0727,2.40,0.18
637,3713517350.067978,14.9997,2.4973,0.1602,0.0726,2.40,0.18
638,3713517351.088206,14.9997,2.4973,0.1603,0.0727,2.40,0.18
639,3713517352.1214247,14.9997,2.4973,0.1603,0.0727,2.40,0.18
640,3713517353.1418395,14.9997,2.4973,0.1603,0.0727,2.40,0.18
641,3713517354.1802545,14.9997,2.4972,0.1603,0.0727,2.40,0.18
642,3713517355.2004995,14.9998,2.4973,0.1603,0.0727,2.40,0.18
643,3713517356.2239156,14.9998,2.4973,0.1603,0.0727,2.40,0.18
644,3713517357.2565756,14.9999,2.4972,0.1603,0.0727,2.40,0.18
645,3713517358.276091,14.9999,2.4973,0.1603,0.0727,2.40,0.18
646,3713517359.3123693,14.9998,2.4973,0.1603,0.0727,2.40,0.18
647,3713517360.331517,14.9998,2.4973,0.1603,0.0727,2.40,0.18
648,3713517361.3648186,14.9998,2.4973,0.1603,0.0727,2.40,0.18
649,3713517362.3999605,14.9998,2.4973,0.1603,0.0727,2.40,0.18
650,3713517363.4300804,14.9998,2.4973,0.1603,0.0727,2.40,0.18
651,3713517364.450327,14.9998,2.4974,0.1603,0.0727,2.40,0.18
652,3713517365.4829917,14.9996,2.4973,0.1603,0.0727,2.40,0.18
653,3713517366.5031004,14.9997,2.4973,0.1603,0.0727,2.40,0.18
654,3713517367.5254183,14.9997,2.4972,0.1603,0.0727,2.40,0.18
655,3713517368.5620527,14.9997,2.4973,0.1603,0.0727,2.40,0.18
656,3713517369.5955386,14.9998,2.4972,0.1603,0.0727,2.40,0.18
657,3713517370.6263647,14.9997,2.4973,0.1603,0.0727,2.40,0.18
658,3713517371.6609697,14.9996,2.4973,0.1603,0.0727,2.40,0.18
659,3713517372.68128,14.9996,2.4973,0.1603,0.0727,2.40,0.18
660,3713517373.7021356,14.9997,2.4974,0.1603,0.0727,2.40,0.18
661,3713517374.735543,14.9998,2.4974,0.1603,0.0727,2.40,0.18
662,3713517375.7653766,14.9998,2.4973,0.1603,0.0727,2.40,0.18
663,3713517376.7962956,14.9998,2.4973,0.1603,0.0727,2.40,0.18
664,3713517377.827011,14.9997,2.4972,0.1603,0.0727,2.40,0.18
665,3713517378.860464,14.9997,2.4972,0.1603,0.0727,2.40,0.18
666,3713517379.895871,14.9998,2.4972,0.1603,0.0727,2.40,0.18
667,3713517380.9322777,14.9998,2.4973,0.1603,0.0727,2.40,0.18
668,3713517381.9678926,14.9998,2.4972,0.1603,0.0727,2.40,0.18
669,3713517382.98925,14.9998,2.4973,0.1603,0.0727,2.40,0.18
670,3713517384.0242033,14.9997,2.4973,0.1603,0.0727,2.40,0.18
671,3713517385.0455894,14.9997,2.4973,0.1603,0.0727,2.40,0.18
672,3713517386.0680037,14.9997,2.4972,0.1603,0.0727,2.40,0.18
673,3713517387.0888042,14.9998,2.4972,0.1603,0.0727,2.40,0.18
674,3713517388.109189,14.9998,2.4972,0.1603,0.0727,2.40,0.18
675,3713517389.128781,14.9999,2.4972,0.1603,0.0727,2.40,0.18
676,3713517390.15075,14.9997,2.4972,0.1603,0.0726,2.40,0.18
677,3713517391.1711683,14.9997,2.4972,0.1602,0.0726,2.40,0.18
678,3713517392.1917005,14.9997,2.4973,0.1602,0.0726,2.40,0.18
679,3713517393.211976,14.9997,2.4973,0.1602,0.0726,2.40,0.18
680,3713517394.231312,14.9995,2.4972,0.1602,0.0726,2.40,0.18
681,3713517395.2507477,14.9996,2.4973,0.1602,0.0727,2.40,0.18
682,3713517396.2725554,14.9997,2.4973,0.1602,0.0727,2.40,0.18
683,3713517397.2924147,14.9997,2.4972,0.1602,0.0726,2.40,0.18
684,3713517398.311735,14.9997,2.4972,0.1602,0.0726,2.40,0.18
685,3713517399.345623,14.9997,2.4972,0.1602,0.0727,2.40,0.18
686,3713517400.365258,14.9997,2.4972,0.1602,0.0727,2.40,0.18
687,3713517401.38438,14.9997,2.4972,0.1602,0.0727,2.40,0.18
688,3713517402.419673,14.9995,2.4972,0.1602,0.0727,2.40,0.18
689,3713517403.4374647,14.9995,2.4972,0.1602,0.0727,2.40,0.18
690,3713517404.4604435,14.9995,2.4973,0.1602,0.0727,2.40,0.18
691,3713517405.4943867,14.9995,2.4973,0.1602,0.0727,2.40,0.18
692,3713517406.5273457,14.9995,2.4973,0.1602,0.0727,2.40,0.18
693,3713517407.5603037,14.9996,2.4972,0.1602,0.0727,2.40,0.18
694,3713517408.5802565,14.9995,2.4972,0.1602,0.0727,2.40,0.18
695,3713517409.6011896,14.9995,2.4972,0.1602,0.0727,2.40,0.18
696,3713517410.6202536,14.9995,2.4973,0.1602,0.0727,2.40,0.18
697,3713517411.652629,14.9995,2.4972,0.1602,0.0727,2.40,0.18
698,3713517412.6729784,14.9994,2.4972,0.1602,0.0726,2.40,0.18
699,3713517413.7063894,14.9996,2.4972,0.1601,0.0726,2.40,0.18
700,3713517414.727418,14.9995,2.4973,0.1601,0.0726,2.40,0.18
701,3713517415.7470183,14.9994,2.4973,0.1601,0.0726,2.40,0.18
702,3713517416.7672577,14.9994,2.4973,0.1601,0.0726,2.40,0.18
703,3713517417.788673,14.9995,2.4972,0.1601,0.0726,2.40,0.18
704,3713517418.809089,14.9996,2.4972,0.1601,0.0726,2.40,0.18
705,3713517419.829506,14.9995,2.4972,0.1601,0.0726,2.40,0.18
706,3713517420.8509216,14.9997,2.4972,0.1601,0.0726,2.40,0.18
707,3713517421.885829,14.9996,2.4972,0.1601,0.0726,2.40,0.18
708,3713517422.91982,14.9997,2.4972,0.1601,0.0726,2.40,0.18
709,3713517423.940299,14.9997,2.4973,0.1601,0.0726,2.40,0.18
710,3713517424.9717317,14.9996,2.4973,0.1601,0.0726,2.40,0.18
711,3713517425.993216,14.9996,2.4972,0.1601,0.0726,2.40,0.18
712,3713517427.0271716,14.9997,2.4972,0.1601,0.0726,2.40,0.18
713,3713517428.0480547,14.9996,2.4972,0.1602,0.0726,2.40,0.18
714,3713517429.0821486,14.9997,2.4972,0.1602,0.0726,2.40,0.18
715,3713517430.102641,14.9996,2.4973,0.1602,0.0726,2.40,0.18
716,3713517431.122883,14.9997,2.4973,0.1602,0.0726,2.40,0.18
717,3713517432.143328,14.9996,2.4972,0.1602,0.0726,2.40,0.18
718,3713517433.1802263,14.9996,2.4972,0.1602,0.0726,2.40,0.18
719,3713517434.2112465,14.9996,2.4972,0.1602,0.0726,2.40,0.18
720,3713517435.2335443,14.9995,2.4972,0.1602,0.0726,2.40,0.18
721,3713517436.2664022,14.9996,2.4972,0.1605,0.0727,2.41,0.18
722,3713517437.286768,14.9997,2.4972,0.1611,0.0728,2.42,0.18
723,3713517438.3055944,14.9996,2.4971,0.1611,0.0728,2.42,0.18
724,3713517439.3408127,14.9997,2.4971,0.1611,0.0728,2.42,0.18
725,3713517440.374173,14.9997,2.4972,0.1611,0.0728,2.42,0.18
726,3713517441.4070816,14.9997,2.4972,0.1611,0.0728,2.42,0.18
727,3713517442.427579,14.9997,2.4972,0.1611,0.0728,2.42,0.18
728,3713517443.4500637,14.9996,2.4972,0.1611,0.0728,2.42,0.18
729,3713517444.4694815,14.9997,2.4972,0.1611,0.0728,2.42,0.18
730,3713517445.491567,14.9998,2.4972,0.1611,0.0728,2.42,0.18
731,3713517446.5130415,14.9997,2.4971,0.1611,0.0728,2.42,0.18
732,3713517447.545829,14.9996,2.4971,0.1611,0.0728,2.42,0.18
733,3713517448.566224,14.9998,2.4971,0.1611,0.0728,2.42,0.18
734,3713517449.6026015,14.9997,2.4972,0.1611,0.0728,2.42,0.18
735,3713517450.6231527,14.9997,2.4971,0.1611,0.0728,2.42,0.18
736,3713517451.6450005,14.9996,2.4972,0.1611,0.0728,2.42,0.18
737,3713517452.678198,14.9995,2.4972,0.1611,0.0728,2.42,0.18
738,3713517453.7109594,14.9996,2.4972,0.1611,0.0728,2.42,0.18
739,3713517454.7439,14.9998,2.4972,0.1611,0.0728,2.42,0.18
740,3713517455.7638693,14.9998,2.4972,0.1611,0.0728,2.42,0.18
741,3713517456.783024,14.9998,2.4971,0.1611,0.0728,2.42,0.18
742,3713517457.8181705,14.9997,2.4972,0.1611,0.0728,2.42,0.18
743,3713517458.840667,14.9997,2.4972,0.1611,0.0728,2.42,0.18
744,3713517459.863081,14.9997,2.4973,0.1611,0.0728,2.42,0.18
745,3713517460.8833747,14.9996,2.4972,0.1611,0.0728,2.42,0.18
746,3713517461.9031267,14.9996,2.4972,0.1611,0.0728,2.42,0.18
747,3713517462.92199,14.9996,2.4972,0.1611,0.0728,2.42,0.18
748,3713517463.9413567,14.9997,2.4972,0.1611,0.0728,2.42,0.18
749,3713517464.9763775,14.9997,2.4972,0.1611,0.0728,2.42,0.18
750,3713517465.996793,14.9997,2.4973,0.1611,0.0728,2.42,0.18
751,3713517467.0165157,14.9999,2.4972,0.1611,0.0728,2.42,0.18
752,3713517468.050233,14.9998,2.4972,0.1611,0.0728,2.42,0.18
753,3713517469.0826397,14.9999,2.4972,0.1611,0.0728,2.42,0.18
754,3713517470.104129,14.9997,2.4973,0.1611,0.0728,2.42,0.18
755,3713517471.1286488,14.9997,2.4973,0.1611,0.0728,2.42,0.18
756,3713517472.1593475,14.9997,2.4972,0.1611,0.0728,2.42,0.18
757,3713517473.1789083,14.9996,2.4973,0.1611,0.0728,2.42,0.18
758,3713517474.20092,14.9997,2.4973,0.1611,0.0728,2.42,0.18
759,3713517475.221279,14.9997,2.4973,0.1612,0.0728,2.42,0.18
760,3713517476.2556868,14.9997,2.4973,0.1612,0.0728,2.42,0.18
761,3713517477.2897267,14.9996,2.4972,0.1612,0.0728,2.42,0.18
762,3713517478.3106213,14.9997,2.4973,0.1612,0.0728,2.42,0.18
763,3713517479.341407,14.9996,2.4972,0.1612,0.0728,2.42,0.18
764,3713517480.375517,14.9995,2.4972,0.1612,0.0728,2.42,0.18
765,3713517481.3971653,14.9995,2.4973,0.1612,0.0728,2.42,0.18
766,3713517482.416148,14.9995,2.4972,0.1612,0.0728,2.42,0.18
767,3713517483.4355345,14.9996,2.4972,0.1612,0.0728,2.42,0.18
768,3713517484.456216,14.9997,2.4972,0.1612,0.0728,2.42,0.18
769,3713517485.476233,14.9996,2.4973,0.1612,0.0728,2.42,0.18
770,3713517486.5073256,14.9996,2.4972,0.1612,0.0728,2.42,0.18
771,3713517487.527848,14.9996,2.4972,0.1613,0.0728,2.42,0.18
772,3713517488.5624084,14.9997,2.4972,0.1613,0.0728,2.42,0.18
773,3713517489.583112,14.9996,2.4973,0.1612,0.0728,2.42,0.18
774,3713517490.616457,14.9997,2.4973,0.1612,0.0728,2.42,0.18
775,3713517491.649864,14.9997,2.4972,0.1612,0.0728,2.42,0.18
776,3713517492.669413,14.9997,2.4973,0.1612,0.0728,2.42,0.18
777,3713517493.7025547,14.9997,2.4972,0.1612,0.0728,2.42,0.18
778,3713517494.7217298,14.9997,2.4973,0.1612,0.0728,2.42,0.18
779,3713517495.7418094,14.9996,2.4973,0.1612,0.0728,2.42,0.18
780,3713517496.7602262,14.9997,2.4973,0.1612,0.0728,2.42,0.18
781,3713517497.796171,14.9997,2.4973,0.1612,0.0728,2.42,0.18
782,3713517498.817091,14.9998,2.4973,0.1612,0.0728,2.42,0.18
783,3713517499.8375225,14.9996,2.4973,0.1612,0.0728,2.42,0.18
784,3713517500.8562818,14.9995,2.4973,0.1612,0.0728,2.42,0.18
785,3713517501.874393,14.9995,2.4972,0.1612,0.0728,2.42,0.18
786,3713517502.896467,14.9996,2.4972,0.1613,0.0728,2.42,0.18
787,3713517503.9180846,14.9997,2.4973,0.1613,0.0729,2.42,0.18
788,3713517504.93639,14.9998,2.4973,0.1613,0.0729,2.42,0.18
789,3713517505.9583597,14.9998,2.4973,0.1613,0.0729,2.42,0.18
790,3713517506.9827857,14.9998,2.4973,0.1613,0.0729,2.42,0.18
791,3713517508.002619,14.9996,2.4973,0.1613,0.0729,2.42,0.18
792,3713517509.0210786,14.9996,2.4973,0.1614,0.0729,2.42,0.18
793,3713517510.05655,14.9996,2.4973,0.1613,0.0729,2.42,0.18
794,3713517511.0770335,14.9996,2.4973,0.1613,0.0729,2.42,0.18
795,3713517512.097488,14.9996,2.4973,0.1614,0.0729,2.42,0.18
796,3713517513.1166606,14.9995,2.4973,0.1614,0.0729,2.42,0.18
797,3713517514.15228,14.9995,2.4973,0.1614,0.0729,2.42,0.18
798,3713517515.173733,14.9995,2.4974,0.1614,0.0729,2.42,0.18
799,3713517516.193088,14.9996,2.4973,0.1614,0.0729,2.42,0.18
800,3713517517.212503,14.9995,2.4973,0.1614,0.0729,2.42,0.18
801,3713517518.2432337,14.9995,2.4973,0.1614,0.0729,2.42,0.18
802,3713517519.2761526,14.9995,2.4973,0.1614,0.0729,2.42,0.18
803,3713517520.309138,14.9995,2.4973,0.1614,0.0729,2.42,0.18
804,3713517521.3407035,14.9996,2.4973,0.1614,0.0729,2.42,0.18
805,3713517522.361235,14.9995,2.4973,0.1614,0.0729,2.42,0.18
806,3713517523.383773,14.9994,2.4974,0.1614,0.0729,2.42,0.18
807,3713517524.4071617,14.9994,2.4973,0.1614,0.0729,2.42,0.18
808,3713517525.4256315,14.9995,2.4973,0.1614,0.0729,2.42,0.18
809,3713517526.4448023,14.9995,2.4973,0.1614,0.0729,2.42,0.18
810,3713517527.46644,14.9994,2.4973,0.1613,0.0729,2.42,0.18
811,3713517528.488428,14.9995,2.4973,0.1613,0.0729,2.42,0.18
812,3713517529.5108433,14.9995,2.4973,0.1613,0.0729,2.42,0.18
813,3713517530.544402,14.9994,2.4973,0.1613,0.0729,2.42,0.18
814,3713517531.578545,14.9995,2.4972,0.1613,0.0729,2.42,0.18
815,3713517532.6116734,14.9996,2.4973,0.1613,0.0729,2.42,0.18
816,3713517533.632159,14.9997,2.4974,0.1613,0.0729,2.42,0.18
817,3713517534.65079,14.9997,2.4973,0.1613,0.0729,2.42,0.18
818,3713517535.6711793,14.9997,2.4972,0.1613,0.0729,2.42,0.18
819,3713517536.6914806,14.9998,2.4973,0.1613,0.0729,2.42,0.18
820,3713517537.7299,14.9998,2.4973,0.1613,0.0729,2.42,0.18
821,3713517538.7492404,14.9998,2.4974,0.1613,0.0729,2.42,0.18
822,3713517539.772421,14.9998,2.4974,0.1613,0.0729,2.42,0.18
823,3713517540.806262,14.9999,2.4974,0.1613,0.0729,2.42,0.18
824,3713517541.8377743,14.9998,2.4973,0.1613,0.0729,2.42,0.18
825,3713517542.85703,14.9998,2.4973,0.1613,0.0729,2.42,0.18
826,3713517543.877471,14.9998,2.4974,0.1613,0.0729,2.42,0.18
827,3713517544.8979573,14.9998,2.4973,0.1613,0.0729,2.42,0.18
828,3713517545.9342136,14.9998,2.4973,0.1613,0.0729,2.42,0.18
829,3713517546.9696064,14.9999,2.4973,0.1613,0.0729,2.42,0.18
830,3713517548.0067987,15.0000,2.4973,0.1613,0.0729,2.42,0.18
831,3713517549.027152,14.9999,2.4973,0.1613,0.0729,2.42,0.18
832,3713517550.047291,15.0000,2.4973,0.1613,0.0729,2.42,0.18
833,3713517551.0683546,14.9998,2.4973,0.1613,0.0729,2.42,0.18
834,3713517552.090064,14.9997,2.4973,0.1613,0.0728,2.42,0.18
835,3713517553.123664,14.9998,2.4973,0.1613,0.0728,2.42,0.18
836,3713517554.1436214,14.9998,2.4973,0.1613,0.0728,2.42,0.18
837,3713517555.164036,14.9997,2.4973,0.1613,0.0728,2.42,0.18
838,3713517556.2018456,14.9997,2.4973,0.1613,0.0728,2.42,0.18
839,3713517557.223488,14.9997,2.4973,0.1613,0.0729,2.42,0.18
840,3713517558.2469015,14.9997,2.4973,0.1613,0.0728,2.42,0.18
841,3713517559.265891,14.9996,2.4973,0.1613,0.0728,2.42,0.18
842,3713517560.285128,14.9998,2.4972,0.1612,0.0728,2.42,0.18
843,3713517561.3053617,14.9998,2.4973,0.1613,0.0728,2.42,0.18
844,3713517562.3238006,14.9997,2.4972,0.1613,0.0728,2.42,0.18
845,3713517563.3423424,14.9997,2.4973,0.1613,0.0728,2.42,0.18
846,3713517564.3792334,14.9997,2.4972,0.1613,0.0728,2.42,0.18
847,3713517565.4133606,14.9996,2.4973,0.1613,0.0728,2.42,0.18
848,3713517566.4339294,14.9996,2.4973,0.1613,0.0728,2.42,0.18
849,3713517567.457161,14.9997,2.4973,0.1613,0.0728,2.42,0.18
850,3713517568.476349,14.9997,2.4973,0.1613,0.0729,2.42,0.18
851,3713517569.5073357,14.9997,2.4973,0.1613,0.0728,2.42,0.18
852,3713517570.52964,14.9996,2.4973,0.1613,0.0728,2.42,0.18
853,3713517571.562558,14.9996,2.4972,0.1613,0.0728,2.42,0.18
854,3713517572.5843997,14.9995,2.4972,0.1613,0.0728,2.42,0.18
855,3713517573.6046057,14.9997,2.4972,0.1613,0.0728,2.42,0.18
856,3713517574.62574,14.9997,2.4972,0.1613,0.0728,2.42,0.18
857,3713517575.647153,14.9996,2.4972,0.1613,0.0728,2.42,0.18
858,3713517576.668793,14.9997,2.4972,0.1613,0.0729,2.42,0.18
859,3713517577.6912556,14.9997,2.4972,0.1613,0.0729,2.42,0.18
860,3713517578.7134275,14.9997,2.4973,0.1613,0.0729,2.42,0.18
861,3713517579.747807,14.9997,2.4972,0.1613,0.0729,2.42,0.18
862,3713517580.767208,14.9997,2.4973,0.1613,0.0729,2.42,0.18
863,3713517581.806494,14.9997,2.4972,0.1613,0.0728,2.42,0.18
864,3713517582.826861,14.9997,2.4972,0.1613,0.0729,2.42,0.18
865,3713517583.8464937,14.9997,2.4972,0.1613,0.0729,2.42,0.18
866,3713517584.882782,14.9997,2.4973,0.1613,0.0729,2.42,0.18
867,3713517585.91653,14.9997,2.4973,0.1613,0.0729,2.42,0.18
868,3713517586.934759,14.9997,2.4972,0.1613,0.0729,2.42,0.18
869,3713517587.9562664,14.9995,2.4972,0.1613,0.0729,2.42,0.18
870,3713517588.975503,14.9997,2.4972,0.1613,0.0729,2.42,0.18
871,3713517589.9978514,14.9997,2.4972,0.1613,0.0729,2.42,0.18
872,3713517591.0182667,14.9996,2.4972,0.1613,0.0729,2.42,0.18
873,3713517592.0378222,14.9997,2.4971,0.1613,0.0729,2.42,0.18
874,3713517593.0685997,14.9996,2.4972,0.1613,0.0729,2.42,0.18
875,3713517594.1041346,14.9996,2.4972,0.1613,0.0729,2.42,0.18
876,3713517595.138568,14.9996,2.4972,0.1613,0.0729,2.42,0.18
877,3713517596.159206,14.9997,2.4972,0.1613,0.0729,2.42,0.18
878,3713517597.1799574,14.9997,2.4972,0.1613,0.0729,2.42,0.18
879,3713517598.214299,14.9995,2.4972,0.1613,0.0729,2.42,0.18
880,3713517599.2472153,14.9996,2.4972,0.1613,0.0728,2.42,0.18
881,3713517600.2686744,14.9997,2.4972,0.1613,0.0728,2.42,0.18
882,3713517601.2898903,14.9996,2.4972,0.1613,0.0729,2.42,0.18
883,3713517602.3122163,14.9996,2.4973,0.1624,0.0730,2.43,0.18
884,3713517603.3306336,14.9995,2.4972,0.1624,0.0731,2.43,0.18
885,3713517604.366536,14.9996,2.4973,0.1624,0.0731,2.43,0.18
886,3713517605.401996,14.9997,2.4973,0.1624,0.0731,2.43,0.18
887,3713517606.4371233,14.9998,2.4972,0.1624,0.0731,2.43,0.18
888,3713517607.469529,14.9998,2.4973,0.1624,0.0731,2.43,0.18
889,3713517608.491668,14.9998,2.4973,0.1624,0.0731,2.43,0.18
890,3713517609.5239553,14.9997,2.4973,0.1624,0.0731,2.43,0.18
891,3713517610.56108,14.9995,2.4973,0.1624,0.0731,2.43,0.18
892,3713517611.5799084,14.9995,2.4973,0.1624,0.0731,2.43,0.18
893,3713517612.6023245,14.9996,2.4973,0.1624,0.0731,2.43,0.18
894,3713517613.6217794,14.9996,2.4973,0.1624,0.0731,2.43,0.18
895,3713517614.641324,14.9996,2.4973,0.1624,0.0731,2.43,0.18
896,3713517615.6597414,14.9995,2.4972,0.1624,0.0731,2.43,0.18
897,3713517616.6914024,14.9996,2.4972,0.1624,0.0731,2.43,0.18
898,3713517617.7099953,14.9996,2.4973,0.1624,0.0731,2.43,0.18
899,3713517618.729119,14.9997,2.4973,0.1624,0.0731,2.43,0.18
900,3713517619.764213,14.9997,2.4972,0.1624,0.0731,2.43,0.18
901,3713517620.7963395,14.9997,2.4972,0.1624,0.0731,2.43,0.18
902,3713517621.8165245,14.9998,2.4972,0.1624,0.0731,2.43,0.18
903,3713517622.850548,14.9996,2.4972,0.1624,0.0731,2.43,0.18
904,3713517623.8706036,14.9996,2.4972,0.1624,0.0731,2.43,0.18
905,3713517624.904583,14.9997,2.4972,0.1625,0.0731,2.44,0.18
906,3713517625.9265814,14.9997,2.4972,0.1625,0.0731,2.44,0.18
907,3713517626.94741,14.9997,2.4972,0.1625,0.0731,2.44,0.18
908,3713517627.9815845,14.9995,2.4972,0.1625,0.0731,2.44,0.18
909,3713517629.001663,14.9997,2.4972,0.1625,0.0731,2.44,0.18
910,3713517630.035449,14.9997,2.4972,0.1625,0.0731,2.44,0.18
911,3713517631.057257,14.9996,2.4973,0.1625,0.0731,2.44,0.18
912,3713517632.079591,14.9997,2.4972,0.1625,0.0731,2.44,0.18
913,3713517633.099127,14.9997,2.4972,0.1625,0.0731,2.44,0.18
914,3713517634.1191463,14.9997,2.4973,0.1625,0.0731,2.44,0.18
915,3713517635.1511993,14.9998,2.4972,0.1625,0.0731,2.44,0.18
916,3713517636.184249,14.9997,2.4973,0.1625,0.0731,2.44,0.18
917,3713517637.204899,14.9997,2.4973,0.1625,0.0731,2.44,0.18
918,3713517638.226312,14.9997,2.4973,0.1625,0.0731,2.44,0.18
919,3713517639.257723,14.9997,2.4973,0.1625,0.0731,2.44,0.18
920,3713517640.289984,14.9995,2.4973,0.1625,0.0731,2.44,0.18
921,3713517641.325761,14.9995,2.4973,0.1625,0.0731,2.44,0.18
922,3713517642.3451886,14.9996,2.4973,0.1625,0.0731,2.44,0.18
923,3713517643.3788447,14.9995,2.4973,0.1625,0.0731,2.44,0.18
924,3713517644.4122314,14.9996,2.4973,0.1625,0.0731,2.44,0.18
925,3713517645.432639,14.9997,2.4973,0.1625,0.0731,2.44,0.18
926,3713517646.4681005,14.9996,2.4973,0.1625,0.0731,2.44,0.18
927,3713517647.4885135,14.9996,2.4973,0.1625,0.0731,2.44,0.18
928,3713517648.5089293,14.9997,2.4972,0.1625,0.0731,2.44,0.18
929,3713517649.529356,14.9997,2.4973,0.1625,0.0731,2.44,0.18
930,3713517650.549794,14.9997,2.4972,0.1625,0.0731,2.44,0.18
931,3713517651.582594,14.9996,2.4973,0.1625,0.0731,2.44,0.18
932,3713517652.6009135,14.9996,2.4973,0.1625,0.0731,2.44,0.18
933,3713517653.6233277,14.9996,2.4973,0.1625,0.0731,2.44,0.18
934,3713517654.645629,14.9996,2.4973,0.1625,0.0731,2.44,0.18
935,3713517655.666122,14.9997,2.4973,0.1625,0.0731,2.44,0.18
936,3713517656.7001085,14.9996,2.4972,0.1625,0.0731,2.44,0.18
937,3713517657.7368965,14.9995,2.4973,0.1625,0.0731,2.44,0.18
938,3713517658.758604,14.9996,2.4973,0.1624,0.0731,2.43,0.18
939,3713517659.7796173,14.9994,2.4973,0.1624,0.0731,2.43,0.18
940,3713517660.8160706,14.9994,2.4973,0.1624,0.0731,2.43,0.18
941,3713517661.8513556,14.9995,2.4972,0.1624,0.0731,2.43,0.18
942,3713517662.873587,14.9994,2.4972,0.1624,0.0731,2.43,0.18
943,3713517663.8930035,14.9995,2.4972,0.1624,0.0731,2.43,0.18
944,3713517664.914706,14.9995,2.4972,0.1624,0.0731,2.43,0.18
945,3713517665.9340725,14.9995,2.4972,0.1624,0.0731,2.43,0.18
946,3713517666.9538345,14.9995,2.4972,0.1624,0.0731,2.43,0.18
947,3713517667.975211,14.9995,2.4972,0.1624,0.0731,2.43,0.18
948,3713517668.995673,14.9994,2.4972,0.1623,0.0730,2.43,0.18
949,3713517670.013775,14.9994,2.4972,0.1624,0.0730,2.43,0.18
950,3713517671.034253,14.9995,2.4971,0.1624,0.0730,2.43,0.18
951,3713517672.0546474,14.9995,2.4972,0.1624,0.0731,2.43,0.18
952,3713517673.0873456,14.9995,2.4971,0.1624,0.0731,2.43,0.18
953,3713517674.1078577,14.9997,2.4972,0.1624,0.0731,2.43,0.18
954,3713517675.129165,14.9998,2.4972,0.1624,0.0731,2.43,0.18
955,3713517676.153595,14.9997,2.4972,0.1624,0.0731,2.43,0.18
956,3713517677.1758776,14.9997,2.4972,0.1625,0.0731,2.44,0.18
957,3713517678.2077527,14.9997,2.4972,0.1625,0.0731,2.44,0.18
958,3713517679.240917,14.9998,2.4972,0.1625,0.0731,2.44,0.18
959,3713517680.2614164,14.9997,2.4972,0.1625,0.0731,2.44,0.18
960,3713517681.2963905,14.9996,2.4972,0.1625,0.0731,2.44,0.18
961,3713517682.315185,14.9996,2.4972,0.1625,0.0731,2.44,0.18
962,3713517683.3366003,14.9995,2.4972,0.1625,0.0731,2.44,0.18
963,3713517684.3711853,14.9995,2.4971,0.1625,0.0731,2.44,0.18
964,3713517685.3905287,14.9995,2.4972,0.1625,0.0731,2.44,0.18
965,3713517686.4095416,14.9994,2.4972,0.1625,0.0731,2.44,0.18
966,3713517687.4442883,14.9994,2.4972,0.1625,0.0731,2.44,0.18
967,3713517688.464991,14.9995,2.4972,0.1625,0.0731,2.44,0.18
968,3713517689.4985156,14.9995,2.4973,0.1625,0.0731,2.44,0.18
969,3713517690.5199966,14.9996,2.4973,0.1625,0.0731,2.44,0.18
970,3713517691.5544887,14.9997,2.4973,0.1625,0.0731,2.44,0.18
971,3713517692.5729694,14.9997,2.4972,0.1625,0.0731,2.44,0.18
972,3713517693.592016,14.9997,2.4973,0.1625,0.0731,2.44,0.18
973,3713517694.612435,14.9998,2.4973,0.1625,0.0731,2.44,0.18
974,3713517695.6485925,14.9997,2.4973,0.1625,0.0731,2.44,0.18
975,3713517696.684453,14.9996,2.4973,0.1625,0.0731,2.44,0.18
976,3713517697.718738,14.9997,2.4973,0.1625,0.0731,2.44,0.18
977,3713517698.7533803,14.9998,2.4972,0.1625,0.0731,2.44,0.18
978,3713517699.7833643,14.9998,2.4973,0.1625,0.0731,2.44,0.18
979,3713517700.8034353,14.9999,2.4972,0.1625,0.0731,2.44,0.18
980,3713517701.823185,14.9999,2.4973,0.1625,0.0731,2.44,0.18
981,3713517702.85738,14.9998,2.4973,0.1625,0.0731,2.44,0.18
982,3713517703.8883696,14.9999,2.4973,0.1625,0.0731,2.44,0.18
983,3713517704.907808,14.9997,2.4973,0.1625,0.0731,2.44,0.18
984,3713517705.929125,14.9998,2.4972,0.1625,0.0731,2.44,0.18
985,3713517706.9498143,14.9998,2.4973,0.1625,0.0731,2.44,0.18
986,3713517707.968401,14.9997,2.4973,0.1626,0.0731,2.44,0.18
987,3713517708.987892,14.9997,2.4973,0.1626,0.0731,2.44,0.18
988,3713517710.007245,14.9999,2.4974,0.1626,0.0731,2.44,0.18
989,3713517711.0272465,14.9998,2.4974,0.1626,0.0731,2.44,0.18
990,3713517712.0604315,14.9997,2.4974,0.1626,0.0731,2.44,0.18
991,3713517713.0828304,14.9997,2.4974,0.1626,0.0731,2.44,0.18
992,3713517714.1025457,14.9997,2.4973,0.1626,0.0731,2.44,0.18
993,3713517715.123252,14.9997,2.4973,0.1626,0.0731,2.44,0.18
994,3713517716.1432695,14.9997,2.4973,0.1626,0.0731,2.44,0.18
995,3713517717.1633677,14.9997,2.4973,0.1626,0.0731,2.44,0.18
996,3713517718.1962724,14.9997,2.4973,0.1626,0.0731,2.44,0.18
997,3713517719.227045,14.9999,2.4972,0.1626,0.0731,2.44,0.18
998,3713517720.248054,14.9999,2.4973,0.1626,0.0731,2.44,0.18
999,3713517721.2824616,14.9998,2.4973,0.1625,0.0731,2.44,0.18
1000,3713517722.3164206,15.0000,2.4973,0.1625,0.0731,2.44,0.18
1001,3713517723.335905,15.0000,2.4973,0.1625,0.0731,2.44,0.18
1002,3713517724.3565025,14.9999,2.4973,0.1625,0.0731,2.44,0.18
1003,3713517725.377121,14.9999,2.4973,0.1625,0.0731,2.44,0.18
1004,3713517726.396352,14.9999,2.4972,0.1625,0.0731,2.44,0.18
1005,3713517727.4307394,15.0000,2.4973,0.1626,0.0731,2.44,0.18
1006,3713517728.450671,15.0000,2.4973,0.1626,0.0731,2.44,0.18
1007,3713517729.4845333,14.9998,2.4973,0.1625,0.0731,2.44,0.18
1008,3713517730.522663,14.9998,2.4972,0.1625,0.0731,2.44,0.18
1009,3713517731.542596,14.9997,2.4972,0.1626,0.0731,2.44,0.18
1010,3713517732.57644,14.9997,2.4973,0.1625,0.0731,2.44,0.18
1011,3713517733.599922,14.9998,2.4974,0.1625,0.0731,2.44,0.18
1012,3713517734.6352143,14.9998,2.4973,0.1625,0.0731,2.44,0.18
1013,3713517735.6707706,14.9997,2.4973,0.1626,0.0731,2.44,0.18
1014,3713517736.690975,14.9996,2.4973,0.1625,0.0731,2.44,0.18
1015,3713517737.71107,14.9996,2.4973,0.1626,0.0731,2.44,0.18
1016,3713517738.7438326,14.9997,2.4973,0.1625,0.0731,2.44,0.18
1017,3713517739.7648754,14.9997,2.4973,0.1626,0.0731,2.44,0.18
1018,3713517740.7872887,14.9997,2.4974,0.1626,0.0731,2.44,0.18
1019,3713517741.8197055,14.9997,2.4973,0.1626,0.0731,2.44,0.18
1020,3713517742.8534813,14.9997,2.4972,0.1625,0.0731,2.44,0.18
1021,3713517743.8879247,14.9998,2.4972,0.1625,0.0731,2.44,0.18
1022,3713517744.909381,14.9998,2.4973,0.1625,0.0731,2.44,0.18
1023,3713517745.931843,14.9998,2.4973,0.1625,0.0731,2.44,0.18
1024,3713517746.9530077,14.9998,2.4973,0.1625,0.0731,2.44,0.18
1025,3713517747.9906716,14.9997,2.4973,0.1626,0.0731,2.44,0.18
1026,3713517749.0135393,15.0000,2.4973,0.1625,0.0731,2.44,0.18
1027,3713517750.0471964,14.9999,2.4973,0.1625,0.0731,2.44,0.18
1028,3713517751.0696144,14.9999,2.4974,0.1625,0.0731,2.44,0.18
1029,3713517752.08903,14.9998,2.4973,0.1625,0.0731,2.44,0.18
1030,3713517753.1232414,14.9998,2.4972,0.1625,0.0731,2.44,0.18
1031,3713517754.1576495,14.9998,2.4973,0.1625,0.0731,2.44,0.18
1032,3713517755.178356,14.9998,2.4974,0.1626,0.0731,2.44,0.18
1033,3713517756.213069,14.9998,2.4974,0.1626,0.0731,2.44,0.18
1034,3713517757.232312,14.9999,2.4974,0.1626,0.0731,2.44,0.18
1035,3713517758.2530212,14.9999,2.4973,0.1626,0.0731,2.44,0.18
1036,3713517759.275437,14.9999,2.4973,0.1626,0.0731,2.44,0.18
1037,3713517760.3103814,14.9999,2.4973,0.1632,0.0732,2.45,0.18
1038,3713517761.3421125,14.9999,2.4973,0.1637,0.0733,2.45,0.18
1039,3713517762.3625293,14.9999,2.4973,0.1637,0.0733,2.45,0.18
1040,3713517763.396495,14.9998,2.4973,0.1637,0.0733,2.45,0.18
1041,3713517764.4320335,14.9998,2.4973,0.1637,0.0733,2.45,0.18
1042,3713517765.465378,14.9998,2.4973,0.1637,0.0733,2.45,0.18
1043,3713517766.4984264,14.9997,2.4974,0.1637,0.0733,2.45,0.18
1044,3713517767.532104,14.9996,2.4973,0.1637,0.0733,2.45,0.18
1045,3713517768.554518,14.9996,2.4973,0.1637,0.0733,2.45,0.18
1046,3713517769.5884724,14.9997,2.4973,0.1638,0.0733,2.46,0.18
1047,3713517770.610366,14.9998,2.4974,0.1638,0.0733,2.46,0.18
1048,3713517771.6455135,14.9998,2.4973,0.1638,0.0733,2.46,0.18
1049,3713517772.679918,14.9997,2.4973,0.1638,0.0733,2.46,0.18
1050,3713517773.700334,14.9998,2.4973,0.1638,0.0733,2.46,0.18
1051,3713517774.732746,14.9998,2.4973,0.1638,0.0733,2.46,0.18
1052,3713517775.752162,14.9997,2.4973,0.1638,0.0733,2.46,0.18
1053,3713517776.7879,14.9997,2.4973,0.1638,0.0733,2.46,0.18
1054,3713517777.8248262,14.9998,2.4973,0.1638,0.0733,2.46,0.18
1055,3713517778.8455267,14.9998,2.4972,0.1638,0.0733,2.46,0.18
1056,3713517779.8651686,14.9997,2.4972,0.1638,0.0733,2.46,0.18
1057,3713517780.898929,14.9998,2.4973,0.1638,0.0733,2.46,0.18
1058,3713517781.9206467,14.9998,2.4973,0.1638,0.0733,2.46,0.18
1059,3713517782.94055,14.9998,2.4973,0.1637,0.0733,2.45,0.18
1060,3713517783.9621067,14.9997,2.4973,0.1637,0.0733,2.45,0.18
1061,3713517784.9830675,14.9998,2.4973,0.1637,0.0733,2.45,0.18
1062,3713517786.0185184,14.9998,2.4973,0.1638,0.0733,2.46,0.18
1063,3713517787.037733,14.9998,2.4973,0.1637,0.0733,2.45,0.18
1064,3713517788.056448,14.9998,2.4973,0.1638,0.0733,2.46,0.18
1065,3713517789.0779157,14.9998,2.4973,0.1638,0.0733,2.46,0.18
1066,3713517790.1105995,14.9998,2.4973,0.1638,0.0733,2.46,0.18
1067,3713517791.1476245,14.9998,2.4974,0.1638,0.0733,2.46,0.18
1068,3713517792.168283,14.9998,2.4973,0.1637,0.0733,2.45,0.18
1069,3713517793.186924,14.9999,2.4973,0.1638,0.0733,2.46,0.18
1070,3713517794.209321,14.9998,2.4972,0.1638,0.0733,2.46,0.18
1071,3713517795.243794,14.9997,2.4972,0.1638,0.0733,2.46,0.18
1072,3713517796.281845,14.9998,2.4972,0.1637,0.0733,2.45,0.18
1073,3713517797.300973,14.9998,2.4973,0.1637,0.0733,2.45,0.18
1074,3713517798.3209925,14.9998,2.4973,0.1637,0.0733,2.45,0.18
1075,3713517799.355399,14.9997,2.4973,0.1637,0.0733,2.45,0.18
1076,3713517800.381784,14.9996,2.4973,0.1637,0.0733,2.45,0.18
1077,3713517801.416216,14.9997,2.4973,0.1637,0.0733,2.45,0.18
1078,3713517802.446906,14.9998,2.4973,0.1637,0.0733,2.45,0.18
1079,3713517803.4813175,14.9998,2.4973,0.1637,0.0733,2.45,0.18
1080,3713517804.509804,14.9999,2.4973,0.1637,0.0733,2.45,0.18
1081,3713517805.544615,14.9999,2.4973,0.1637,0.0733,2.45,0.18
1082,3713517806.5672607,15.0000,2.4974,0.1638,0.0733,2.46,0.18
1083,3713517807.600583,14.9999,2.4973,0.1637,0.0733,2.45,0.18
1084,3713517808.6202564,14.9999,2.4973,0.1637,0.0733,2.45,0.18
1085,3713517809.650667,14.9998,2.4973,0.1637,0.0733,2.45,0.18
1086,3713517810.6840744,14.9998,2.4973,0.1637,0.0733,2.45,0.18
1087,3713517811.7187166,14.9998,2.4973,0.1637,0.0733,2.45,0.18
1088,3713517812.739131,14.9998,2.4974,0.1637,0.0733,2.45,0.18
1089,3713517813.769205,14.9998,2.4973,0.1637,0.0733,2.45,0.18
1090,3713517814.803337,14.9997,2.4973,0.1637,0.0733,2.45,0.18
1091,3713517815.8367934,14.9997,2.4973,0.1637,0.0733,2.45,0.18
1092,3713517816.8662076,14.9998,2.4973,0.1637,0.0733,2.45,0.18
1093,3713517817.8976135,14.9998,2.4973,0.1637,0.0733,2.45,0.18
1094,3713517818.9250264,14.9998,2.4973,0.1637,0.0733,2.45,0.18
1095,3713517819.953426,14.9997,2.4973,0.1637,0.0733,2.45,0.18
1096,3713517820.9828367,14.9997,2.4973,0.1637,0.0733,2.45,0.18
1097,3713517822.0162454,14.9997,2.4973,0.1637,0.0733,2.45,0.18
1098,3713517823.0436563,14.9996,2.4973,0.1637,0.0733,2.45,0.18
1099,3713517824.077071,14.9997,2.4973,0.1637,0.0733,2.45,0.18
1100,3713517825.106477,14.9998,2.4973,0.1637,0.0733,2.45,0.18
1101,3713517826.1388855,14.9999,2.4973,0.1637,0.0733,2.45,0.18
1102,3713517827.1623,14.9998,2.4973,0.1637,0.0733,2.45,0.18
1103,3713517828.1977086,14.9997,2.4973,0.1637,0.0733,2.45,0.18
1104,3713517829.21739,14.9997,2.4973,0.1637,0.0733,2.45,0.18
1105,3713517830.235863,14.9998,2.4973,0.1637,0.0733,2.45,0.18
1106,3713517831.254883,14.9997,2.4973,0.1637,0.0733,2.45,0.18
1107,3713517832.27479,14.9997,2.4973,0.1637,0.0733,2.45,0.18
1108,3713517833.308995,14.9998,2.4973,0.1637,0.0733,2.45,0.18
1109,3713517834.342765,14.9997,2.4973,0.1637,0.0733,2.45,0.18
1110,3713517835.3645124,14.9997,2.4972,0.1637,0.0733,2.45,0.18
1111,3713517836.3836117,14.9997,2.4973,0.1637,0.0733,2.45,0.18
1112,3713517837.4030476,14.9998,2.4973,0.1637,0.0733,2.45,0.18
1113,3713517838.4392633,14.9997,2.4973,0.1637,0.0733,2.45,0.18
1114,3713517839.460087,14.9998,2.4973,0.1637,0.0733,2.45,0.18
1115,3713517840.494334,14.9998,2.4972,0.1637,0.0733,2.45,0.18
1116,3713517841.528096,14.9998,2.4972,0.1636,0.0733,2.45,0.18
1117,3713517842.550787,14.9998,2.4972,0.1636,0.0733,2.45,0.18
1118,3713517843.573128,14.9999,2.4972,0.1636,0.0733,2.45,0.18
1119,3713517844.6067886,14.9999,2.4972,0.1636,0.0733,2.45,0.18
1120,3713517845.6284456,14.9999,2.4973,0.1636,0.0733,2.45,0.18
1121,3713517846.6475058,14.9998,2.4973,0.1636,0.0733,2.45,0.18
1122,3713517847.6811395,14.9997,2.4974,0.1636,0.0733,2.45,0.18
1123,3713517848.7024193,14.9997,2.4973,0.1636,0.0733,2.45,0.18
1124,3713517849.7353067,14.9997,2.4973,0.1636,0.0733,2.45,0.18
1125,3713517850.7695694,14.9998,2.4973,0.1636,0.0733,2.45,0.18
1126,3713517851.8019967,14.9997,2.4973,0.1636,0.0733,2.45,0.18
1127,3713517852.839238,14.9998,2.4973,0.1636,0.0733,2.45,0.18
1128,3713517853.8753366,14.9998,2.4973,0.1636,0.0733,2.45,0.18
1129,3713517854.898341,14.9996,2.4973,0.1636,0.0733,2.45,0.18
1130,3713517855.933032,14.9997,2.4973,0.1636,0.0733,2.45,0.18
1131,3713517856.953287,14.9997,2.4972,0.1636,0.0733,2.45,0.18
1132,3713517857.9747057,14.9998,2.4972,0.1636,0.0733,2.45,0.18
1133,3713517858.9943094,14.9998,2.4973,0.1636,0.0733,2.45,0.18
1134,3713517860.0152893,14.9997,2.4973,0.1636,0.0733,2.45,0.18
1135,3713517861.0370502,14.9997,2.4972,0.1636,0.0733,2.45,0.18
1136,3713517862.0714903,14.9996,2.4973,0.1636,0.0733,2.45,0.18
1137,3713517863.0906277,14.9996,2.4973,0.1636,0.0733,2.45,0.18
1138,3713517864.1112256,14.9997,2.4973,0.1636,0.0733,2.45,0.18
1139,3713517865.1312733,14.9998,2.4973,0.1636,0.0733,2.45,0.18
1140,3713517866.1672387,14.9998,2.4973,0.1636,0.0733,2.45,0.18
1141,3713517867.188267,14.9997,2.4973,0.1636,0.0733,2.45,0.18
1142,3713517868.2084894,14.9996,2.4973,0.1636,0.0733,2.45,0.18
1143,3713517869.241144,14.9996,2.4973,0.1636,0.0733,2.45,0.18
1144,3713517870.262392,14.9997,2.4972,0.1636,0.0733,2.45,0.18
1145,3713517871.2965317,14.9997,2.4973,0.1636,0.0733,2.45,0.18
1146,3713517872.329274,14.9998,2.4973,0.1636,0.0733,2.45,0.18
1147,3713517873.365965,14.9998,2.4972,0.1636,0.0733,2.45,0.18
1148,3713517874.387539,14.9997,2.4972,0.1637,0.0733,2.45,0.18
1149,3713517875.4190917,14.9997,2.4973,0.1637,0.0733,2.45,0.18
1150,3713517876.45278,14.9998,2.4973,0.1637,0.0733,2.45,0.18
1151,3713517877.484428,14.9998,2.4973,0.1637,0.0733,2.45,0.18
1152,3713517878.5166936,14.9998,2.4972,0.1637,0.0733,2.45,0.18
1153,3713517879.5513377,14.9998,2.4972,0.1637,0.0733,2.45,0.18
1154,3713517880.572331,14.9997,2.4973,0.1637,0.0733,2.45,0.18
1155,3713517881.6061196,14.9998,2.4972,0.1637,0.0733,2.45,0.18
1156,3713517882.6279554,14.9997,2.4973,0.1637,0.0733,2.45,0.18
1157,3713517883.647018,14.9998,2.4973,0.1637,0.0733,2.45,0.18
1158,3713517884.667434,14.9998,2.4973,0.1637,0.0733,2.45,0.18
1159,3713517885.689849,14.9997,2.4973,0.1637,0.0733,2.45,0.18
1160,3713517886.710343,14.9997,2.4973,0.1637,0.0733,2.45,0.18
1161,3713517887.744422,14.9998,2.4972,0.1637,0.0733,2.45,0.18
1162,3713517888.764763,14.9998,2.4973,0.1637,0.0733,2.45,0.18
1163,3713517889.7852383,14.9997,2.4973,0.1637,0.0733,2.45,0.18
1164,3713517890.8043375,14.9996,2.4973,0.1637,0.0733,2.45,0.18
1165,3713517891.836332,14.9997,2.4973,0.1637,0.0733,2.45,0.18
1166,3713517892.872675,14.9997,2.4973,0.1637,0.0733,2.45,0.18
1167,3713517893.906309,14.9998,2.4973,0.1637,0.0733,2.45,0.18
1168,3713517894.9253607,14.9997,2.4973,0.1637,0.0733,2.45,0.18
1169,3713517895.9602146,14.9996,2.4972,0.1637,0.0733,2.45,0.18
1170,3713517896.980631,14.9996,2.4973,0.1637,0.0733,2.45,0.18
1171,3713517898.0078716,14.9998,2.4973,0.1637,0.0733,2.45,0.18
1172,3713517899.0402784,14.9996,2.4973,0.1637,0.0733,2.45,0.18
